crewtype,region,gacc_pl,national_pl,drawndown,mobile,staffing
Crew 1,AICC,1,1,0,0,0
Crew 1,AICC,1,2,0,0,0
Crew 1,AICC,1,3,0,0,0
Crew 1,AICC,1,4,0,0,0
Crew 1,AICC,1,5,0,0,0
Crew 1,AICC,2,1,0,0,0
Crew 1,AICC,2,2,0,0,0
Crew 1,AICC,2,3,0,0,0
Crew 1,AICC,2,4,0,0,0
Crew 1,AICC,2,5,0,0,0
Crew 1,AICC,3,1,0,0,0
Crew 1,AICC,3,2,0,0,0
Crew 1,AICC,3,3,0,0,0
Crew 1,AICC,3,4,0,0,0
Crew 1,AICC,3,5,0,0,0
Crew 1,AICC,4,1,0,0,0
Crew 1,AICC,4,2,0,0,0
Crew 1,AICC,4,3,0,0,0
Crew 1,AICC,4,4,0,0,0
Crew 1,AICC,4,5,0,0,0
Crew 1,AICC,5,1,0,0,0
Crew 1,AICC,5,2,0,0,0
Crew 1,AICC,5,3,0,0,0
Crew 1,AICC,5,4,0,0,0
Crew 1,AICC,5,5,0,0,0
Crew 1,NWCC,1,1,10,0,10
Crew 1,NWCC,1,2,10,0,10
Crew 1,NWCC,1,3,10,0,10
Crew 1,NWCC,1,4,10,0,10
Crew 1,NWCC,1,5,10,0,10
Crew 1,NWCC,2,1,10,0,10
Crew 1,NWCC,2,2,6,4,10
Crew 1,NWCC,2,3,0,10,10
Crew 1,NWCC,2,4,6,4,10
Crew 1,NWCC,2,5,10,0,10
Crew 1,NWCC,3,1,10,0,10
Crew 1,NWCC,3,2,10,0,10
Crew 1,NWCC,3,3,10,0,10
Crew 1,NWCC,3,4,7,3,10
Crew 1,NWCC,3,5,8,2,10
Crew 1,NWCC,4,1,10,0,10
Crew 1,NWCC,4,2,10,0,10
Crew 1,NWCC,4,3,10,0,10
Crew 1,NWCC,4,4,10,0,10
Crew 1,NWCC,4,5,8,2,10
Crew 1,NWCC,5,1,10,0,10
Crew 1,NWCC,5,2,10,0,10
Crew 1,NWCC,5,3,10,0,10
Crew 1,NWCC,5,4,10,0,10
Crew 1,NWCC,5,5,10,0,10
Crew 1,ONCC,1,1,13,0,13
Crew 1,ONCC,1,2,11,2,13
Crew 1,ONCC,1,3,11,2,13
Crew 1,ONCC,1,4,13,0,13
Crew 1,ONCC,1,5,13,0,13
Crew 1,ONCC,2,1,11,2,13
Crew 1,ONCC,2,2,13,0,13
Crew 1,ONCC,2,3,3,10,13
Crew 1,ONCC,2,4,13,0,13
Crew 1,ONCC,2,5,13,0,13
Crew 1,ONCC,3,1,13,0,13
Crew 1,ONCC,3,2,13,0,13
Crew 1,ONCC,3,3,11,2,13
Crew 1,ONCC,3,4,8,5,13
Crew 1,ONCC,3,5,13,0,13
Crew 1,ONCC,4,1,13,0,13
Crew 1,ONCC,4,2,13,0,13
Crew 1,ONCC,4,3,13,0,13
Crew 1,ONCC,4,4,11,2,13
Crew 1,ONCC,4,5,10,3,13
Crew 1,ONCC,5,1,13,0,13
Crew 1,ONCC,5,2,13,0,13
Crew 1,ONCC,5,3,13,0,13
Crew 1,ONCC,5,4,13,0,13
Crew 1,ONCC,5,5,10,3,13
Crew 1,OSCC,1,1,21,0,21
Crew 1,OSCC,1,2,19,2,21
Crew 1,OSCC,1,3,21,0,21
Crew 1,OSCC,1,4,21,0,21
Crew 1,OSCC,1,5,21,0,21
Crew 1,OSCC,2,1,20,1,21
Crew 1,OSCC,2,2,15,6,21
Crew 1,OSCC,2,3,5,16,21
Crew 1,OSCC,2,4,21,0,21
Crew 1,OSCC,2,5,21,0,21
Crew 1,OSCC,3,1,21,0,21
Crew 1,OSCC,3,2,21,0,21
Crew 1,OSCC,3,3,10,11,21
Crew 1,OSCC,3,4,15,6,21
Crew 1,OSCC,3,5,19,2,21
Crew 1,OSCC,4,1,21,0,21
Crew 1,OSCC,4,2,21,0,21
Crew 1,OSCC,4,3,21,0,21
Crew 1,OSCC,4,4,21,0,21
Crew 1,OSCC,4,5,18,3,21
Crew 1,OSCC,5,1,21,0,21
Crew 1,OSCC,5,2,21,0,21
Crew 1,OSCC,5,3,21,0,21
Crew 1,OSCC,5,4,21,0,21
Crew 1,OSCC,5,5,21,0,21
Crew 1,NRCC,1,1,6,0,6
Crew 1,NRCC,1,2,3,3,6
Crew 1,NRCC,1,3,0,6,6
Crew 1,NRCC,1,4,6,0,6
Crew 1,NRCC,1,5,6,0,6
Crew 1,NRCC,2,1,6,0,6
Crew 1,NRCC,2,2,6,0,6
Crew 1,NRCC,2,3,4,2,6
Crew 1,NRCC,2,4,5,1,6
Crew 1,NRCC,2,5,5,1,6
Crew 1,NRCC,3,1,6,0,6
Crew 1,NRCC,3,2,6,0,6
Crew 1,NRCC,3,3,6,0,6
Crew 1,NRCC,3,4,6,0,6
Crew 1,NRCC,3,5,5,1,6
Crew 1,NRCC,4,1,6,0,6
Crew 1,NRCC,4,2,6,0,6
Crew 1,NRCC,4,3,6,0,6
Crew 1,NRCC,4,4,6,0,6
Crew 1,NRCC,4,5,6,0,6
Crew 1,NRCC,5,1,6,0,6
Crew 1,NRCC,5,2,6,0,6
Crew 1,NRCC,5,3,6,0,6
Crew 1,NRCC,5,4,6,0,6
Crew 1,NRCC,5,5,6,0,6
Crew 1,GBCC,1,1,6,0,6
Crew 1,GBCC,1,2,2,4,6
Crew 1,GBCC,1,3,3,3,6
Crew 1,GBCC,1,4,6,0,6
Crew 1,GBCC,1,5,6,0,6
Crew 1,GBCC,2,1,6,0,6
Crew 1,GBCC,2,2,6,0,6
Crew 1,GBCC,2,3,6,0,6
Crew 1,GBCC,2,4,6,0,6
Crew 1,GBCC,2,5,6,0,6
Crew 1,GBCC,3,1,6,0,6
Crew 1,GBCC,3,2,6,0,6
Crew 1,GBCC,3,3,6,0,6
Crew 1,GBCC,3,4,5,1,6
Crew 1,GBCC,3,5,4,2,6
Crew 1,GBCC,4,1,6,0,6
Crew 1,GBCC,4,2,6,0,6
Crew 1,GBCC,4,3,6,0,6
Crew 1,GBCC,4,4,6,0,6
Crew 1,GBCC,4,5,4,2,6
Crew 1,GBCC,5,1,6,0,6
Crew 1,GBCC,5,2,6,0,6
Crew 1,GBCC,5,3,6,0,6
Crew 1,GBCC,5,4,6,0,6
Crew 1,GBCC,5,5,6,0,6
Crew 1,SWCC,1,1,14,0,14
Crew 1,SWCC,1,2,14,0,14
Crew 1,SWCC,1,3,14,0,14
Crew 1,SWCC,1,4,14,0,14
Crew 1,SWCC,1,5,14,0,14
Crew 1,SWCC,2,1,14,0,14
Crew 1,SWCC,2,2,14,0,14
Crew 1,SWCC,2,3,10,4,14
Crew 1,SWCC,2,4,9,5,14
Crew 1,SWCC,2,5,11,3,14
Crew 1,SWCC,3,1,14,0,14
Crew 1,SWCC,3,2,14,0,14
Crew 1,SWCC,3,3,13,1,14
Crew 1,SWCC,3,4,8,6,14
Crew 1,SWCC,3,5,5,9,14
Crew 1,SWCC,4,1,14,0,14
Crew 1,SWCC,4,2,14,0,14
Crew 1,SWCC,4,3,14,0,14
Crew 1,SWCC,4,4,14,0,14
Crew 1,SWCC,4,5,10,4,14
Crew 1,SWCC,5,1,14,0,14
Crew 1,SWCC,5,2,14,0,14
Crew 1,SWCC,5,3,14,0,14
Crew 1,SWCC,5,4,14,0,14
Crew 1,SWCC,5,5,12,2,14
Crew 1,RMCC,1,1,5,0,5
Crew 1,RMCC,1,2,5,0,5
Crew 1,RMCC,1,3,5,0,5
Crew 1,RMCC,1,4,5,0,5
Crew 1,RMCC,1,5,5,0,5
Crew 1,RMCC,2,1,5,0,5
Crew 1,RMCC,2,2,5,0,5
Crew 1,RMCC,2,3,1,4,5
Crew 1,RMCC,2,4,2,3,5
Crew 1,RMCC,2,5,5,0,5
Crew 1,RMCC,3,1,5,0,5
Crew 1,RMCC,3,2,5,0,5
Crew 1,RMCC,3,3,5,0,5
Crew 1,RMCC,3,4,2,3,5
Crew 1,RMCC,3,5,4,1,5
Crew 1,RMCC,4,1,5,0,5
Crew 1,RMCC,4,2,5,0,5
Crew 1,RMCC,4,3,5,0,5
Crew 1,RMCC,4,4,4,1,5
Crew 1,RMCC,4,5,5,0,5
Crew 1,RMCC,5,1,5,0,5
Crew 1,RMCC,5,2,5,0,5
Crew 1,RMCC,5,3,5,0,5
Crew 1,RMCC,5,4,5,0,5
Crew 1,RMCC,5,5,5,0,5
Crew 1,EACC,1,1,1,0,1
Crew 1,EACC,1,2,1,0,1
Crew 1,EACC,1,3,0,1,1
Crew 1,EACC,1,4,0,1,1
Crew 1,EACC,1,5,0,1,1
Crew 1,EACC,2,1,1,0,1
Crew 1,EACC,2,2,1,0,1
Crew 1,EACC,2,3,1,0,1
Crew 1,EACC,2,4,1,0,1
Crew 1,EACC,2,5,1,0,1
Crew 1,EACC,3,1,1,0,1
Crew 1,EACC,3,2,1,0,1
Crew 1,EACC,3,3,1,0,1
Crew 1,EACC,3,4,1,0,1
Crew 1,EACC,3,5,1,0,1
Crew 1,EACC,4,1,1,0,1
Crew 1,EACC,4,2,1,0,1
Crew 1,EACC,4,3,1,0,1
Crew 1,EACC,4,4,1,0,1
Crew 1,EACC,4,5,1,0,1
Crew 1,EACC,5,1,1,0,1
Crew 1,EACC,5,2,1,0,1
Crew 1,EACC,5,3,1,0,1
Crew 1,EACC,5,4,1,0,1
Crew 1,EACC,5,5,1,0,1
Crew 1,SACC,1,1,2,0,2
Crew 1,SACC,1,2,2,0,2
Crew 1,SACC,1,3,2,0,2
Crew 1,SACC,1,4,2,0,2
Crew 1,SACC,1,5,2,0,2
Crew 1,SACC,2,1,2,0,2
Crew 1,SACC,2,2,2,0,2
Crew 1,SACC,2,3,2,0,2
Crew 1,SACC,2,4,2,0,2
Crew 1,SACC,2,5,2,0,2
Crew 1,SACC,3,1,2,0,2
Crew 1,SACC,3,2,2,0,2
Crew 1,SACC,3,3,2,0,2
Crew 1,SACC,3,4,2,0,2
Crew 1,SACC,3,5,2,0,2
Crew 1,SACC,4,1,2,0,2
Crew 1,SACC,4,2,2,0,2
Crew 1,SACC,4,3,2,0,2
Crew 1,SACC,4,4,2,0,2
Crew 1,SACC,4,5,2,0,2
Crew 1,SACC,5,1,2,0,2
Crew 1,SACC,5,2,2,0,2
Crew 1,SACC,5,3,2,0,2
Crew 1,SACC,5,4,2,0,2
Crew 1,SACC,5,5,2,0,2
Crew 2IA,AICC,1,1,0,0,0
Crew 2IA,AICC,1,2,0,0,0
Crew 2IA,AICC,1,3,0,0,0
Crew 2IA,AICC,1,4,0,0,0
Crew 2IA,AICC,1,5,0,0,0
Crew 2IA,AICC,2,1,0,0,0
Crew 2IA,AICC,2,2,0,0,0
Crew 2IA,AICC,2,3,0,0,0
Crew 2IA,AICC,2,4,0,0,0
Crew 2IA,AICC,2,5,0,0,0
Crew 2IA,AICC,3,1,0,0,0
Crew 2IA,AICC,3,2,0,0,0
Crew 2IA,AICC,3,3,0,0,0
Crew 2IA,AICC,3,4,0,0,0
Crew 2IA,AICC,3,5,0,0,0
Crew 2IA,AICC,4,1,0,0,0
Crew 2IA,AICC,4,2,0,0,0
Crew 2IA,AICC,4,3,0,0,0
Crew 2IA,AICC,4,4,0,0,0
Crew 2IA,AICC,4,5,0,0,0
Crew 2IA,AICC,5,1,0,0,0
Crew 2IA,AICC,5,2,0,0,0
Crew 2IA,AICC,5,3,0,0,0
Crew 2IA,AICC,5,4,0,0,0
Crew 2IA,AICC,5,5,0,0,0
Crew 2IA,NWCC,1,1,15,0,15
Crew 2IA,NWCC,1,2,15,0,15
Crew 2IA,NWCC,1,3,15,0,15
Crew 2IA,NWCC,1,4,15,0,15
Crew 2IA,NWCC,1,5,15,0,15
Crew 2IA,NWCC,2,1,15,0,15
Crew 2IA,NWCC,2,2,15,0,15
Crew 2IA,NWCC,2,3,4,11,15
Crew 2IA,NWCC,2,4,14,1,15
Crew 2IA,NWCC,2,5,15,0,15
Crew 2IA,NWCC,3,1,15,0,15
Crew 2IA,NWCC,3,2,15,0,15
Crew 2IA,NWCC,3,3,15,0,15
Crew 2IA,NWCC,3,4,13,2,15
Crew 2IA,NWCC,3,5,13,2,15
Crew 2IA,NWCC,4,1,15,0,15
Crew 2IA,NWCC,4,2,15,0,15
Crew 2IA,NWCC,4,3,15,0,15
Crew 2IA,NWCC,4,4,15,0,15
Crew 2IA,NWCC,4,5,14,1,15
Crew 2IA,NWCC,5,1,15,0,15
Crew 2IA,NWCC,5,2,15,0,15
Crew 2IA,NWCC,5,3,15,0,15
Crew 2IA,NWCC,5,4,15,0,15
Crew 2IA,NWCC,5,5,15,0,15
Crew 2IA,ONCC,1,1,10,0,10
Crew 2IA,ONCC,1,2,10,0,10
Crew 2IA,ONCC,1,3,10,0,10
Crew 2IA,ONCC,1,4,10,0,10
Crew 2IA,ONCC,1,5,10,0,10
Crew 2IA,ONCC,2,1,9,1,10
Crew 2IA,ONCC,2,2,10,0,10
Crew 2IA,ONCC,2,3,7,3,10
Crew 2IA,ONCC,2,4,10,0,10
Crew 2IA,ONCC,2,5,10,0,10
Crew 2IA,ONCC,3,1,10,0,10
Crew 2IA,ONCC,3,2,10,0,10
Crew 2IA,ONCC,3,3,10,0,10
Crew 2IA,ONCC,3,4,9,1,10
Crew 2IA,ONCC,3,5,10,0,10
Crew 2IA,ONCC,4,1,10,0,10
Crew 2IA,ONCC,4,2,10,0,10
Crew 2IA,ONCC,4,3,10,0,10
Crew 2IA,ONCC,4,4,9,1,10
Crew 2IA,ONCC,4,5,9,1,10
Crew 2IA,ONCC,5,1,10,0,10
Crew 2IA,ONCC,5,2,10,0,10
Crew 2IA,ONCC,5,3,10,0,10
Crew 2IA,ONCC,5,4,10,0,10
Crew 2IA,ONCC,5,5,9,1,10
Crew 2IA,OSCC,1,1,9,0,9
Crew 2IA,OSCC,1,2,9,0,9
Crew 2IA,OSCC,1,3,9,0,9
Crew 2IA,OSCC,1,4,9,0,9
Crew 2IA,OSCC,1,5,9,0,9
Crew 2IA,OSCC,2,1,9,0,9
Crew 2IA,OSCC,2,2,9,0,9
Crew 2IA,OSCC,2,3,8,1,9
Crew 2IA,OSCC,2,4,9,0,9
Crew 2IA,OSCC,2,5,9,0,9
Crew 2IA,OSCC,3,1,9,0,9
Crew 2IA,OSCC,3,2,9,0,9
Crew 2IA,OSCC,3,3,6,3,9
Crew 2IA,OSCC,3,4,8,1,9
Crew 2IA,OSCC,3,5,8,1,9
Crew 2IA,OSCC,4,1,9,0,9
Crew 2IA,OSCC,4,2,9,0,9
Crew 2IA,OSCC,4,3,9,0,9
Crew 2IA,OSCC,4,4,8,1,9
Crew 2IA,OSCC,4,5,9,0,9
Crew 2IA,OSCC,5,1,9,0,9
Crew 2IA,OSCC,5,2,9,0,9
Crew 2IA,OSCC,5,3,9,0,9
Crew 2IA,OSCC,5,4,9,0,9
Crew 2IA,OSCC,5,5,8,1,9
Crew 2IA,NRCC,1,1,5,0,5
Crew 2IA,NRCC,1,2,5,0,5
Crew 2IA,NRCC,1,3,3,2,5
Crew 2IA,NRCC,1,4,5,0,5
Crew 2IA,NRCC,1,5,5,0,5
Crew 2IA,NRCC,2,1,5,0,5
Crew 2IA,NRCC,2,2,5,0,5
Crew 2IA,NRCC,2,3,3,2,5
Crew 2IA,NRCC,2,4,4,1,5
Crew 2IA,NRCC,2,5,4,1,5
Crew 2IA,NRCC,3,1,5,0,5
Crew 2IA,NRCC,3,2,5,0,5
Crew 2IA,NRCC,3,3,5,0,5
Crew 2IA,NRCC,3,4,5,0,5
Crew 2IA,NRCC,3,5,4,1,5
Crew 2IA,NRCC,4,1,5,0,5
Crew 2IA,NRCC,4,2,5,0,5
Crew 2IA,NRCC,4,3,5,0,5
Crew 2IA,NRCC,4,4,5,0,5
Crew 2IA,NRCC,4,5,5,0,5
Crew 2IA,NRCC,5,1,5,0,5
Crew 2IA,NRCC,5,2,5,0,5
Crew 2IA,NRCC,5,3,5,0,5
Crew 2IA,NRCC,5,4,5,0,5
Crew 2IA,NRCC,5,5,5,0,5
Crew 2IA,GBCC,1,1,6,0,6
Crew 2IA,GBCC,1,2,5,1,6
Crew 2IA,GBCC,1,3,5,1,6
Crew 2IA,GBCC,1,4,6,0,6
Crew 2IA,GBCC,1,5,6,0,6
Crew 2IA,GBCC,2,1,6,0,6
Crew 2IA,GBCC,2,2,6,0,6
Crew 2IA,GBCC,2,3,5,1,6
Crew 2IA,GBCC,2,4,6,0,6
Crew 2IA,GBCC,2,5,6,0,6
Crew 2IA,GBCC,3,1,6,0,6
Crew 2IA,GBCC,3,2,6,0,6
Crew 2IA,GBCC,3,3,5,1,6
Crew 2IA,GBCC,3,4,5,1,6
Crew 2IA,GBCC,3,5,5,1,6
Crew 2IA,GBCC,4,1,6,0,6
Crew 2IA,GBCC,4,2,6,0,6
Crew 2IA,GBCC,4,3,6,0,6
Crew 2IA,GBCC,4,4,6,0,6
Crew 2IA,GBCC,4,5,6,0,6
Crew 2IA,GBCC,5,1,6,0,6
Crew 2IA,GBCC,5,2,6,0,6
Crew 2IA,GBCC,5,3,6,0,6
Crew 2IA,GBCC,5,4,6,0,6
Crew 2IA,GBCC,5,5,6,0,6
Crew 2IA,SWCC,1,1,2,1,3
Crew 2IA,SWCC,1,2,3,0,3
Crew 2IA,SWCC,1,3,3,0,3
Crew 2IA,SWCC,1,4,3,0,3
Crew 2IA,SWCC,1,5,3,0,3
Crew 2IA,SWCC,2,1,3,0,3
Crew 2IA,SWCC,2,2,3,0,3
Crew 2IA,SWCC,2,3,3,0,3
Crew 2IA,SWCC,2,4,3,0,3
Crew 2IA,SWCC,2,5,3,0,3
Crew 2IA,SWCC,3,1,3,0,3
Crew 2IA,SWCC,3,2,3,0,3
Crew 2IA,SWCC,3,3,3,0,3
Crew 2IA,SWCC,3,4,3,0,3
Crew 2IA,SWCC,3,5,3,0,3
Crew 2IA,SWCC,4,1,3,0,3
Crew 2IA,SWCC,4,2,3,0,3
Crew 2IA,SWCC,4,3,3,0,3
Crew 2IA,SWCC,4,4,3,0,3
Crew 2IA,SWCC,4,5,3,0,3
Crew 2IA,SWCC,5,1,3,0,3
Crew 2IA,SWCC,5,2,3,0,3
Crew 2IA,SWCC,5,3,3,0,3
Crew 2IA,SWCC,5,4,3,0,3
Crew 2IA,SWCC,5,5,3,0,3
Crew 2IA,RMCC,1,1,2,0,2
Crew 2IA,RMCC,1,2,2,0,2
Crew 2IA,RMCC,1,3,2,0,2
Crew 2IA,RMCC,1,4,2,0,2
Crew 2IA,RMCC,1,5,2,0,2
Crew 2IA,RMCC,2,1,2,0,2
Crew 2IA,RMCC,2,2,2,0,2
Crew 2IA,RMCC,2,3,2,0,2
Crew 2IA,RMCC,2,4,2,0,2
Crew 2IA,RMCC,2,5,2,0,2
Crew 2IA,RMCC,3,1,2,0,2
Crew 2IA,RMCC,3,2,2,0,2
Crew 2IA,RMCC,3,3,2,0,2
Crew 2IA,RMCC,3,4,2,0,2
Crew 2IA,RMCC,3,5,1,1,2
Crew 2IA,RMCC,4,1,2,0,2
Crew 2IA,RMCC,4,2,2,0,2
Crew 2IA,RMCC,4,3,2,0,2
Crew 2IA,RMCC,4,4,2,0,2
Crew 2IA,RMCC,4,5,2,0,2
Crew 2IA,RMCC,5,1,2,0,2
Crew 2IA,RMCC,5,2,2,0,2
Crew 2IA,RMCC,5,3,2,0,2
Crew 2IA,RMCC,5,4,2,0,2
Crew 2IA,RMCC,5,5,2,0,2
Crew 2IA,EACC,1,1,1,0,1
Crew 2IA,EACC,1,2,1,0,1
Crew 2IA,EACC,1,3,1,0,1
Crew 2IA,EACC,1,4,0,1,1
Crew 2IA,EACC,1,5,0,1,1
Crew 2IA,EACC,2,1,1,0,1
Crew 2IA,EACC,2,2,1,0,1
Crew 2IA,EACC,2,3,1,0,1
Crew 2IA,EACC,2,4,1,0,1
Crew 2IA,EACC,2,5,1,0,1
Crew 2IA,EACC,3,1,1,0,1
Crew 2IA,EACC,3,2,1,0,1
Crew 2IA,EACC,3,3,1,0,1
Crew 2IA,EACC,3,4,1,0,1
Crew 2IA,EACC,3,5,1,0,1
Crew 2IA,EACC,4,1,1,0,1
Crew 2IA,EACC,4,2,1,0,1
Crew 2IA,EACC,4,3,1,0,1
Crew 2IA,EACC,4,4,1,0,1
Crew 2IA,EACC,4,5,1,0,1
Crew 2IA,EACC,5,1,1,0,1
Crew 2IA,EACC,5,2,1,0,1
Crew 2IA,EACC,5,3,1,0,1
Crew 2IA,EACC,5,4,1,0,1
Crew 2IA,EACC,5,5,1,0,1
Crew 2IA,SACC,1,1,1,0,1
Crew 2IA,SACC,1,2,1,0,1
Crew 2IA,SACC,1,3,0,1,1
Crew 2IA,SACC,1,4,1,0,1
Crew 2IA,SACC,1,5,1,0,1
Crew 2IA,SACC,2,1,1,0,1
Crew 2IA,SACC,2,2,1,0,1
Crew 2IA,SACC,2,3,0,1,1
Crew 2IA,SACC,2,4,1,0,1
Crew 2IA,SACC,2,5,1,0,1
Crew 2IA,SACC,3,1,1,0,1
Crew 2IA,SACC,3,2,1,0,1
Crew 2IA,SACC,3,3,1,0,1
Crew 2IA,SACC,3,4,1,0,1
Crew 2IA,SACC,3,5,1,0,1
Crew 2IA,SACC,4,1,1,0,1
Crew 2IA,SACC,4,2,1,0,1
Crew 2IA,SACC,4,3,1,0,1
Crew 2IA,SACC,4,4,1,0,1
Crew 2IA,SACC,4,5,1,0,1
Crew 2IA,SACC,5,1,1,0,1
Crew 2IA,SACC,5,2,1,0,1
Crew 2IA,SACC,5,3,1,0,1
Crew 2IA,SACC,5,4,1,0,1
Crew 2IA,SACC,5,5,1,0,1
Crew 2,AICC,1,1,0,0,0
Crew 2,AICC,1,2,0,0,0
Crew 2,AICC,1,3,0,0,0
Crew 2,AICC,1,4,0,0,0
Crew 2,AICC,1,5,0,0,0
Crew 2,AICC,2,1,0,0,0
Crew 2,AICC,2,2,0,0,0
Crew 2,AICC,2,3,0,0,0
Crew 2,AICC,2,4,0,0,0
Crew 2,AICC,2,5,0,0,0
Crew 2,AICC,3,1,0,0,0
Crew 2,AICC,3,2,0,0,0
Crew 2,AICC,3,3,0,0,0
Crew 2,AICC,3,4,0,0,0
Crew 2,AICC,3,5,0,0,0
Crew 2,AICC,4,1,0,0,0
Crew 2,AICC,4,2,0,0,0
Crew 2,AICC,4,3,0,0,0
Crew 2,AICC,4,4,0,0,0
Crew 2,AICC,4,5,0,0,0
Crew 2,AICC,5,1,0,0,0
Crew 2,AICC,5,2,0,0,0
Crew 2,AICC,5,3,0,0,0
Crew 2,AICC,5,4,0,0,0
Crew 2,AICC,5,5,0,0,0
Crew 2,NWCC,1,1,2,0,2
Crew 2,NWCC,1,2,2,0,2
Crew 2,NWCC,1,3,2,0,2
Crew 2,NWCC,1,4,2,0,2
Crew 2,NWCC,1,5,2,0,2
Crew 2,NWCC,2,1,2,0,2
Crew 2,NWCC,2,2,2,0,2
Crew 2,NWCC,2,3,2,0,2
Crew 2,NWCC,2,4,2,0,2
Crew 2,NWCC,2,5,2,0,2
Crew 2,NWCC,3,1,2,0,2
Crew 2,NWCC,3,2,2,0,2
Crew 2,NWCC,3,3,2,0,2
Crew 2,NWCC,3,4,2,0,2
Crew 2,NWCC,3,5,2,0,2
Crew 2,NWCC,4,1,2,0,2
Crew 2,NWCC,4,2,2,0,2
Crew 2,NWCC,4,3,2,0,2
Crew 2,NWCC,4,4,2,0,2
Crew 2,NWCC,4,5,2,0,2
Crew 2,NWCC,5,1,2,0,2
Crew 2,NWCC,5,2,2,0,2
Crew 2,NWCC,5,3,2,0,2
Crew 2,NWCC,5,4,2,0,2
Crew 2,NWCC,5,5,2,0,2
Crew 2,ONCC,1,1,4,0,4
Crew 2,ONCC,1,2,4,0,4
Crew 2,ONCC,1,3,4,0,4
Crew 2,ONCC,1,4,4,0,4
Crew 2,ONCC,1,5,4,0,4
Crew 2,ONCC,2,1,4,0,4
Crew 2,ONCC,2,2,4,0,4
Crew 2,ONCC,2,3,4,0,4
Crew 2,ONCC,2,4,4,0,4
Crew 2,ONCC,2,5,4,0,4
Crew 2,ONCC,3,1,4,0,4
Crew 2,ONCC,3,2,4,0,4
Crew 2,ONCC,3,3,4,0,4
Crew 2,ONCC,3,4,4,0,4
Crew 2,ONCC,3,5,4,0,4
Crew 2,ONCC,4,1,4,0,4
Crew 2,ONCC,4,2,4,0,4
Crew 2,ONCC,4,3,4,0,4
Crew 2,ONCC,4,4,4,0,4
Crew 2,ONCC,4,5,4,0,4
Crew 2,ONCC,5,1,4,0,4
Crew 2,ONCC,5,2,4,0,4
Crew 2,ONCC,5,3,4,0,4
Crew 2,ONCC,5,4,4,0,4
Crew 2,ONCC,5,5,4,0,4
Crew 2,OSCC,1,1,15,0,15
Crew 2,OSCC,1,2,15,0,15
Crew 2,OSCC,1,3,15,0,15
Crew 2,OSCC,1,4,15,0,15
Crew 2,OSCC,1,5,15,0,15
Crew 2,OSCC,2,1,15,0,15
Crew 2,OSCC,2,2,15,0,15
Crew 2,OSCC,2,3,15,0,15
Crew 2,OSCC,2,4,15,0,15
Crew 2,OSCC,2,5,15,0,15
Crew 2,OSCC,3,1,15,0,15
Crew 2,OSCC,3,2,15,0,15
Crew 2,OSCC,3,3,14,1,15
Crew 2,OSCC,3,4,15,0,15
Crew 2,OSCC,3,5,15,0,15
Crew 2,OSCC,4,1,15,0,15
Crew 2,OSCC,4,2,15,0,15
Crew 2,OSCC,4,3,15,0,15
Crew 2,OSCC,4,4,15,0,15
Crew 2,OSCC,4,5,15,0,15
Crew 2,OSCC,5,1,15,0,15
Crew 2,OSCC,5,2,15,0,15
Crew 2,OSCC,5,3,15,0,15
Crew 2,OSCC,5,4,15,0,15
Crew 2,OSCC,5,5,15,0,15
Crew 2,NRCC,1,1,0,0,0
Crew 2,NRCC,1,2,0,0,0
Crew 2,NRCC,1,3,0,0,0
Crew 2,NRCC,1,4,0,0,0
Crew 2,NRCC,1,5,0,0,0
Crew 2,NRCC,2,1,0,0,0
Crew 2,NRCC,2,2,0,0,0
Crew 2,NRCC,2,3,0,0,0
Crew 2,NRCC,2,4,0,0,0
Crew 2,NRCC,2,5,0,0,0
Crew 2,NRCC,3,1,0,0,0
Crew 2,NRCC,3,2,0,0,0
Crew 2,NRCC,3,3,0,0,0
Crew 2,NRCC,3,4,0,0,0
Crew 2,NRCC,3,5,0,0,0
Crew 2,NRCC,4,1,0,0,0
Crew 2,NRCC,4,2,0,0,0
Crew 2,NRCC,4,3,0,0,0
Crew 2,NRCC,4,4,0,0,0
Crew 2,NRCC,4,5,0,0,0
Crew 2,NRCC,5,1,0,0,0
Crew 2,NRCC,5,2,0,0,0
Crew 2,NRCC,5,3,0,0,0
Crew 2,NRCC,5,4,0,0,0
Crew 2,NRCC,5,5,0,0,0
Crew 2,GBCC,1,1,3,0,3
Crew 2,GBCC,1,2,3,0,3
Crew 2,GBCC,1,3,3,0,3
Crew 2,GBCC,1,4,3,0,3
Crew 2,GBCC,1,5,3,0,3
Crew 2,GBCC,2,1,3,0,3
Crew 2,GBCC,2,2,3,0,3
Crew 2,GBCC,2,3,3,0,3
Crew 2,GBCC,2,4,3,0,3
Crew 2,GBCC,2,5,3,0,3
Crew 2,GBCC,3,1,3,0,3
Crew 2,GBCC,3,2,3,0,3
Crew 2,GBCC,3,3,3,0,3
Crew 2,GBCC,3,4,3,0,3
Crew 2,GBCC,3,5,3,0,3
Crew 2,GBCC,4,1,3,0,3
Crew 2,GBCC,4,2,3,0,3
Crew 2,GBCC,4,3,3,0,3
Crew 2,GBCC,4,4,3,0,3
Crew 2,GBCC,4,5,3,0,3
Crew 2,GBCC,5,1,3,0,3
Crew 2,GBCC,5,2,3,0,3
Crew 2,GBCC,5,3,3,0,3
Crew 2,GBCC,5,4,3,0,3
Crew 2,GBCC,5,5,3,0,3
Crew 2,SWCC,1,1,0,0,0
Crew 2,SWCC,1,2,0,0,0
Crew 2,SWCC,1,3,0,0,0
Crew 2,SWCC,1,4,0,0,0
Crew 2,SWCC,1,5,0,0,0
Crew 2,SWCC,2,1,0,0,0
Crew 2,SWCC,2,2,0,0,0
Crew 2,SWCC,2,3,0,0,0
Crew 2,SWCC,2,4,0,0,0
Crew 2,SWCC,2,5,0,0,0
Crew 2,SWCC,3,1,0,0,0
Crew 2,SWCC,3,2,0,0,0
Crew 2,SWCC,3,3,0,0,0
Crew 2,SWCC,3,4,0,0,0
Crew 2,SWCC,3,5,0,0,0
Crew 2,SWCC,4,1,0,0,0
Crew 2,SWCC,4,2,0,0,0
Crew 2,SWCC,4,3,0,0,0
Crew 2,SWCC,4,4,0,0,0
Crew 2,SWCC,4,5,0,0,0
Crew 2,SWCC,5,1,0,0,0
Crew 2,SWCC,5,2,0,0,0
Crew 2,SWCC,5,3,0,0,0
Crew 2,SWCC,5,4,0,0,0
Crew 2,SWCC,5,5,0,0,0
Crew 2,RMCC,1,1,1,0,1
Crew 2,RMCC,1,2,1,0,1
Crew 2,RMCC,1,3,1,0,1
Crew 2,RMCC,1,4,1,0,1
Crew 2,RMCC,1,5,1,0,1
Crew 2,RMCC,2,1,1,0,1
Crew 2,RMCC,2,2,1,0,1
Crew 2,RMCC,2,3,1,0,1
Crew 2,RMCC,2,4,1,0,1
Crew 2,RMCC,2,5,1,0,1
Crew 2,RMCC,3,1,1,0,1
Crew 2,RMCC,3,2,1,0,1
Crew 2,RMCC,3,3,1,0,1
Crew 2,RMCC,3,4,1,0,1
Crew 2,RMCC,3,5,1,0,1
Crew 2,RMCC,4,1,1,0,1
Crew 2,RMCC,4,2,1,0,1
Crew 2,RMCC,4,3,1,0,1
Crew 2,RMCC,4,4,1,0,1
Crew 2,RMCC,4,5,1,0,1
Crew 2,RMCC,5,1,1,0,1
Crew 2,RMCC,5,2,1,0,1
Crew 2,RMCC,5,3,1,0,1
Crew 2,RMCC,5,4,1,0,1
Crew 2,RMCC,5,5,1,0,1
Crew 2,EACC,1,1,0,0,0
Crew 2,EACC,1,2,0,0,0
Crew 2,EACC,1,3,0,0,0
Crew 2,EACC,1,4,0,0,0
Crew 2,EACC,1,5,0,0,0
Crew 2,EACC,2,1,0,0,0
Crew 2,EACC,2,2,0,0,0
Crew 2,EACC,2,3,0,0,0
Crew 2,EACC,2,4,0,0,0
Crew 2,EACC,2,5,0,0,0
Crew 2,EACC,3,1,0,0,0
Crew 2,EACC,3,2,0,0,0
Crew 2,EACC,3,3,0,0,0
Crew 2,EACC,3,4,0,0,0
Crew 2,EACC,3,5,0,0,0
Crew 2,EACC,4,1,0,0,0
Crew 2,EACC,4,2,0,0,0
Crew 2,EACC,4,3,0,0,0
Crew 2,EACC,4,4,0,0,0
Crew 2,EACC,4,5,0,0,0
Crew 2,EACC,5,1,0,0,0
Crew 2,EACC,5,2,0,0,0
Crew 2,EACC,5,3,0,0,0
Crew 2,EACC,5,4,0,0,0
Crew 2,EACC,5,5,0,0,0
Crew 2,SACC,1,1,1,0,1
Crew 2,SACC,1,2,1,0,1
Crew 2,SACC,1,3,1,0,1
Crew 2,SACC,1,4,1,0,1
Crew 2,SACC,1,5,1,0,1
Crew 2,SACC,2,1,1,0,1
Crew 2,SACC,2,2,1,0,1
Crew 2,SACC,2,3,1,0,1
Crew 2,SACC,2,4,0,1,1
Crew 2,SACC,2,5,0,1,1
Crew 2,SACC,3,1,1,0,1
Crew 2,SACC,3,2,1,0,1
Crew 2,SACC,3,3,1,0,1
Crew 2,SACC,3,4,1,0,1
Crew 2,SACC,3,5,1,0,1
Crew 2,SACC,4,1,1,0,1
Crew 2,SACC,4,2,1,0,1
Crew 2,SACC,4,3,1,0,1
Crew 2,SACC,4,4,1,0,1
Crew 2,SACC,4,5,1,0,1
Crew 2,SACC,5,1,1,0,1
Crew 2,SACC,5,2,1,0,1
Crew 2,SACC,5,3,1,0,1
Crew 2,SACC,5,4,1,0,1
Crew 2,SACC,5,5,1,0,1
Engine 3,AICC,1,1,0,0,0
Engine 3,AICC,1,2,0,0,0
Engine 3,AICC,1,3,0,0,0
Engine 3,AICC,1,4,0,0,0
Engine 3,AICC,1,5,0,0,0
Engine 3,AICC,2,1,0,0,0
Engine 3,AICC,2,2,0,0,0
Engine 3,AICC,2,3,0,0,0
Engine 3,AICC,2,4,0,0,0
Engine 3,AICC,2,5,0,0,0
Engine 3,AICC,3,1,0,0,0
Engine 3,AICC,3,2,0,0,0
Engine 3,AICC,3,3,0,0,0
Engine 3,AICC,3,4,0,0,0
Engine 3,AICC,3,5,0,0,0
Engine 3,AICC,4,1,0,0,0
Engine 3,AICC,4,2,0,0,0
Engine 3,AICC,4,3,0,0,0
Engine 3,AICC,4,4,0,0,0
Engine 3,AICC,4,5,0,0,0
Engine 3,AICC,5,1,0,0,0
Engine 3,AICC,5,2,0,0,0
Engine 3,AICC,5,3,0,0,0
Engine 3,AICC,5,4,0,0,0
Engine 3,AICC,5,5,0,0,0
Engine 3,NWCC,1,1,34,1,35
Engine 3,NWCC,1,2,35,0,35
Engine 3,NWCC,1,3,34,1,35
Engine 3,NWCC,1,4,35,0,35
Engine 3,NWCC,1,5,35,0,35
Engine 3,NWCC,2,1,35,0,35
Engine 3,NWCC,2,2,35,0,35
Engine 3,NWCC,2,3,23,12,35
Engine 3,NWCC,2,4,29,6,35
Engine 3,NWCC,2,5,35,0,35
Engine 3,NWCC,3,1,35,0,35
Engine 3,NWCC,3,2,35,0,35
Engine 3,NWCC,3,3,35,0,35
Engine 3,NWCC,3,4,32,3,35
Engine 3,NWCC,3,5,34,1,35
Engine 3,NWCC,4,1,35,0,35
Engine 3,NWCC,4,2,35,0,35
Engine 3,NWCC,4,3,35,0,35
Engine 3,NWCC,4,4,35,0,35
Engine 3,NWCC,4,5,32,3,35
Engine 3,NWCC,5,1,35,0,35
Engine 3,NWCC,5,2,35,0,35
Engine 3,NWCC,5,3,35,0,35
Engine 3,NWCC,5,4,35,0,35
Engine 3,NWCC,5,5,34,1,35
Engine 3,ONCC,1,1,142,0,142
Engine 3,ONCC,1,2,142,0,142
Engine 3,ONCC,1,3,142,0,142
Engine 3,ONCC,1,4,142,0,142
Engine 3,ONCC,1,5,142,0,142
Engine 3,ONCC,2,1,130,12,142
Engine 3,ONCC,2,2,142,0,142
Engine 3,ONCC,2,3,120,22,142
Engine 3,ONCC,2,4,142,0,142
Engine 3,ONCC,2,5,142,0,142
Engine 3,ONCC,3,1,142,0,142
Engine 3,ONCC,3,2,142,0,142
Engine 3,ONCC,3,3,133,9,142
Engine 3,ONCC,3,4,139,3,142
Engine 3,ONCC,3,5,142,0,142
Engine 3,ONCC,4,1,142,0,142
Engine 3,ONCC,4,2,142,0,142
Engine 3,ONCC,4,3,141,1,142
Engine 3,ONCC,4,4,140,2,142
Engine 3,ONCC,4,5,141,1,142
Engine 3,ONCC,5,1,142,0,142
Engine 3,ONCC,5,2,142,0,142
Engine 3,ONCC,5,3,142,0,142
Engine 3,ONCC,5,4,138,4,142
Engine 3,ONCC,5,5,138,4,142
Engine 3,OSCC,1,1,200,0,200
Engine 3,OSCC,1,2,199,1,200
Engine 3,OSCC,1,3,200,0,200
Engine 3,OSCC,1,4,200,0,200
Engine 3,OSCC,1,5,200,0,200
Engine 3,OSCC,2,1,197,3,200
Engine 3,OSCC,2,2,199,1,200
Engine 3,OSCC,2,3,195,5,200
Engine 3,OSCC,2,4,200,0,200
Engine 3,OSCC,2,5,200,0,200
Engine 3,OSCC,3,1,200,0,200
Engine 3,OSCC,3,2,200,0,200
Engine 3,OSCC,3,3,188,12,200
Engine 3,OSCC,3,4,189,11,200
Engine 3,OSCC,3,5,199,1,200
Engine 3,OSCC,4,1,200,0,200
Engine 3,OSCC,4,2,200,0,200
Engine 3,OSCC,4,3,200,0,200
Engine 3,OSCC,4,4,200,0,200
Engine 3,OSCC,4,5,197,3,200
Engine 3,OSCC,5,1,200,0,200
Engine 3,OSCC,5,2,200,0,200
Engine 3,OSCC,5,3,200,0,200
Engine 3,OSCC,5,4,200,0,200
Engine 3,OSCC,5,5,198,2,200
Engine 3,NRCC,1,1,0,0,0
Engine 3,NRCC,1,2,0,0,0
Engine 3,NRCC,1,3,0,0,0
Engine 3,NRCC,1,4,0,0,0
Engine 3,NRCC,1,5,0,0,0
Engine 3,NRCC,2,1,0,0,0
Engine 3,NRCC,2,2,0,0,0
Engine 3,NRCC,2,3,0,0,0
Engine 3,NRCC,2,4,0,0,0
Engine 3,NRCC,2,5,0,0,0
Engine 3,NRCC,3,1,0,0,0
Engine 3,NRCC,3,2,0,0,0
Engine 3,NRCC,3,3,0,0,0
Engine 3,NRCC,3,4,0,0,0
Engine 3,NRCC,3,5,0,0,0
Engine 3,NRCC,4,1,0,0,0
Engine 3,NRCC,4,2,0,0,0
Engine 3,NRCC,4,3,0,0,0
Engine 3,NRCC,4,4,0,0,0
Engine 3,NRCC,4,5,0,0,0
Engine 3,NRCC,5,1,0,0,0
Engine 3,NRCC,5,2,0,0,0
Engine 3,NRCC,5,3,0,0,0
Engine 3,NRCC,5,4,0,0,0
Engine 3,NRCC,5,5,0,0,0
Engine 3,GBCC,1,1,8,0,8
Engine 3,GBCC,1,2,8,0,8
Engine 3,GBCC,1,3,8,0,8
Engine 3,GBCC,1,4,8,0,8
Engine 3,GBCC,1,5,8,0,8
Engine 3,GBCC,2,1,8,0,8
Engine 3,GBCC,2,2,6,2,8
Engine 3,GBCC,2,3,4,4,8
Engine 3,GBCC,2,4,7,1,8
Engine 3,GBCC,2,5,8,0,8
Engine 3,GBCC,3,1,8,0,8
Engine 3,GBCC,3,2,8,0,8
Engine 3,GBCC,3,3,7,1,8
Engine 3,GBCC,3,4,8,0,8
Engine 3,GBCC,3,5,8,0,8
Engine 3,GBCC,4,1,8,0,8
Engine 3,GBCC,4,2,8,0,8
Engine 3,GBCC,4,3,8,0,8
Engine 3,GBCC,4,4,8,0,8
Engine 3,GBCC,4,5,8,0,8
Engine 3,GBCC,5,1,8,0,8
Engine 3,GBCC,5,2,8,0,8
Engine 3,GBCC,5,3,8,0,8
Engine 3,GBCC,5,4,8,0,8
Engine 3,GBCC,5,5,8,0,8
Engine 3,SWCC,1,1,29,0,29
Engine 3,SWCC,1,2,29,0,29
Engine 3,SWCC,1,3,29,0,29
Engine 3,SWCC,1,4,29,0,29
Engine 3,SWCC,1,5,29,0,29
Engine 3,SWCC,2,1,29,0,29
Engine 3,SWCC,2,2,27,2,29
Engine 3,SWCC,2,3,21,8,29
Engine 3,SWCC,2,4,24,5,29
Engine 3,SWCC,2,5,27,2,29
Engine 3,SWCC,3,1,29,0,29
Engine 3,SWCC,3,2,29,0,29
Engine 3,SWCC,3,3,24,5,29
Engine 3,SWCC,3,4,25,4,29
Engine 3,SWCC,3,5,26,3,29
Engine 3,SWCC,4,1,29,0,29
Engine 3,SWCC,4,2,29,0,29
Engine 3,SWCC,4,3,29,0,29
Engine 3,SWCC,4,4,29,0,29
Engine 3,SWCC,4,5,28,1,29
Engine 3,SWCC,5,1,29,0,29
Engine 3,SWCC,5,2,29,0,29
Engine 3,SWCC,5,3,29,0,29
Engine 3,SWCC,5,4,29,0,29
Engine 3,SWCC,5,5,29,0,29
Engine 3,RMCC,1,1,5,0,5
Engine 3,RMCC,1,2,5,0,5
Engine 3,RMCC,1,3,5,0,5
Engine 3,RMCC,1,4,5,0,5
Engine 3,RMCC,1,5,5,0,5
Engine 3,RMCC,2,1,5,0,5
Engine 3,RMCC,2,2,5,0,5
Engine 3,RMCC,2,3,5,0,5
Engine 3,RMCC,2,4,5,0,5
Engine 3,RMCC,2,5,5,0,5
Engine 3,RMCC,3,1,5,0,5
Engine 3,RMCC,3,2,5,0,5
Engine 3,RMCC,3,3,5,0,5
Engine 3,RMCC,3,4,5,0,5
Engine 3,RMCC,3,5,5,0,5
Engine 3,RMCC,4,1,5,0,5
Engine 3,RMCC,4,2,5,0,5
Engine 3,RMCC,4,3,5,0,5
Engine 3,RMCC,4,4,5,0,5
Engine 3,RMCC,4,5,5,0,5
Engine 3,RMCC,5,1,5,0,5
Engine 3,RMCC,5,2,5,0,5
Engine 3,RMCC,5,3,5,0,5
Engine 3,RMCC,5,4,5,0,5
Engine 3,RMCC,5,5,5,0,5
Engine 3,EACC,1,1,1,0,1
Engine 3,EACC,1,2,1,0,1
Engine 3,EACC,1,3,0,1,1
Engine 3,EACC,1,4,0,1,1
Engine 3,EACC,1,5,0,1,1
Engine 3,EACC,2,1,1,0,1
Engine 3,EACC,2,2,1,0,1
Engine 3,EACC,2,3,1,0,1
Engine 3,EACC,2,4,1,0,1
Engine 3,EACC,2,5,1,0,1
Engine 3,EACC,3,1,1,0,1
Engine 3,EACC,3,2,1,0,1
Engine 3,EACC,3,3,1,0,1
Engine 3,EACC,3,4,1,0,1
Engine 3,EACC,3,5,1,0,1
Engine 3,EACC,4,1,1,0,1
Engine 3,EACC,4,2,1,0,1
Engine 3,EACC,4,3,1,0,1
Engine 3,EACC,4,4,1,0,1
Engine 3,EACC,4,5,1,0,1
Engine 3,EACC,5,1,1,0,1
Engine 3,EACC,5,2,1,0,1
Engine 3,EACC,5,3,1,0,1
Engine 3,EACC,5,4,1,0,1
Engine 3,EACC,5,5,1,0,1
Engine 3,SACC,1,1,0,0,0
Engine 3,SACC,1,2,0,0,0
Engine 3,SACC,1,3,0,0,0
Engine 3,SACC,1,4,0,0,0
Engine 3,SACC,1,5,0,0,0
Engine 3,SACC,2,1,0,0,0
Engine 3,SACC,2,2,0,0,0
Engine 3,SACC,2,3,0,0,0
Engine 3,SACC,2,4,0,0,0
Engine 3,SACC,2,5,0,0,0
Engine 3,SACC,3,1,0,0,0
Engine 3,SACC,3,2,0,0,0
Engine 3,SACC,3,3,0,0,0
Engine 3,SACC,3,4,0,0,0
Engine 3,SACC,3,5,0,0,0
Engine 3,SACC,4,1,0,0,0
Engine 3,SACC,4,2,0,0,0
Engine 3,SACC,4,3,0,0,0
Engine 3,SACC,4,4,0,0,0
Engine 3,SACC,4,5,0,0,0
Engine 3,SACC,5,1,0,0,0
Engine 3,SACC,5,2,0,0,0
Engine 3,SACC,5,3,0,0,0
Engine 3,SACC,5,4,0,0,0
Engine 3,SACC,5,5,0,0,0
Engine 4,AICC,1,1,0,0,0
Engine 4,AICC,1,2,0,0,0
Engine 4,AICC,1,3,0,0,0
Engine 4,AICC,1,4,0,0,0
Engine 4,AICC,1,5,0,0,0
Engine 4,AICC,2,1,0,0,0
Engine 4,AICC,2,2,0,0,0
Engine 4,AICC,2,3,0,0,0
Engine 4,AICC,2,4,0,0,0
Engine 4,AICC,2,5,0,0,0
Engine 4,AICC,3,1,0,0,0
Engine 4,AICC,3,2,0,0,0
Engine 4,AICC,3,3,0,0,0
Engine 4,AICC,3,4,0,0,0
Engine 4,AICC,3,5,0,0,0
Engine 4,AICC,4,1,0,0,0
Engine 4,AICC,4,2,0,0,0
Engine 4,AICC,4,3,0,0,0
Engine 4,AICC,4,4,0,0,0
Engine 4,AICC,4,5,0,0,0
Engine 4,AICC,5,1,0,0,0
Engine 4,AICC,5,2,0,0,0
Engine 4,AICC,5,3,0,0,0
Engine 4,AICC,5,4,0,0,0
Engine 4,AICC,5,5,0,0,0
Engine 4,NWCC,1,1,18,0,18
Engine 4,NWCC,1,2,17,1,18
Engine 4,NWCC,1,3,17,1,18
Engine 4,NWCC,1,4,18,0,18
Engine 4,NWCC,1,5,18,0,18
Engine 4,NWCC,2,1,18,0,18
Engine 4,NWCC,2,2,18,0,18
Engine 4,NWCC,2,3,11,7,18
Engine 4,NWCC,2,4,17,1,18
Engine 4,NWCC,2,5,18,0,18
Engine 4,NWCC,3,1,18,0,18
Engine 4,NWCC,3,2,18,0,18
Engine 4,NWCC,3,3,18,0,18
Engine 4,NWCC,3,4,17,1,18
Engine 4,NWCC,3,5,17,1,18
Engine 4,NWCC,4,1,18,0,18
Engine 4,NWCC,4,2,18,0,18
Engine 4,NWCC,4,3,18,0,18
Engine 4,NWCC,4,4,18,0,18
Engine 4,NWCC,4,5,17,1,18
Engine 4,NWCC,5,1,18,0,18
Engine 4,NWCC,5,2,18,0,18
Engine 4,NWCC,5,3,18,0,18
Engine 4,NWCC,5,4,18,0,18
Engine 4,NWCC,5,5,18,0,18
Engine 4,ONCC,1,1,0,0,0
Engine 4,ONCC,1,2,0,0,0
Engine 4,ONCC,1,3,0,0,0
Engine 4,ONCC,1,4,0,0,0
Engine 4,ONCC,1,5,0,0,0
Engine 4,ONCC,2,1,0,0,0
Engine 4,ONCC,2,2,0,0,0
Engine 4,ONCC,2,3,0,0,0
Engine 4,ONCC,2,4,0,0,0
Engine 4,ONCC,2,5,0,0,0
Engine 4,ONCC,3,1,0,0,0
Engine 4,ONCC,3,2,0,0,0
Engine 4,ONCC,3,3,0,0,0
Engine 4,ONCC,3,4,0,0,0
Engine 4,ONCC,3,5,0,0,0
Engine 4,ONCC,4,1,0,0,0
Engine 4,ONCC,4,2,0,0,0
Engine 4,ONCC,4,3,0,0,0
Engine 4,ONCC,4,4,0,0,0
Engine 4,ONCC,4,5,0,0,0
Engine 4,ONCC,5,1,0,0,0
Engine 4,ONCC,5,2,0,0,0
Engine 4,ONCC,5,3,0,0,0
Engine 4,ONCC,5,4,0,0,0
Engine 4,ONCC,5,5,0,0,0
Engine 4,OSCC,1,1,3,0,3
Engine 4,OSCC,1,2,3,0,3
Engine 4,OSCC,1,3,3,0,3
Engine 4,OSCC,1,4,3,0,3
Engine 4,OSCC,1,5,3,0,3
Engine 4,OSCC,2,1,3,0,3
Engine 4,OSCC,2,2,3,0,3
Engine 4,OSCC,2,3,3,0,3
Engine 4,OSCC,2,4,3,0,3
Engine 4,OSCC,2,5,3,0,3
Engine 4,OSCC,3,1,3,0,3
Engine 4,OSCC,3,2,3,0,3
Engine 4,OSCC,3,3,3,0,3
Engine 4,OSCC,3,4,3,0,3
Engine 4,OSCC,3,5,3,0,3
Engine 4,OSCC,4,1,3,0,3
Engine 4,OSCC,4,2,3,0,3
Engine 4,OSCC,4,3,3,0,3
Engine 4,OSCC,4,4,3,0,3
Engine 4,OSCC,4,5,3,0,3
Engine 4,OSCC,5,1,3,0,3
Engine 4,OSCC,5,2,3,0,3
Engine 4,OSCC,5,3,3,0,3
Engine 4,OSCC,5,4,3,0,3
Engine 4,OSCC,5,5,3,0,3
Engine 4,NRCC,1,1,13,0,13
Engine 4,NRCC,1,2,11,2,13
Engine 4,NRCC,1,3,10,3,13
Engine 4,NRCC,1,4,13,0,13
Engine 4,NRCC,1,5,13,0,13
Engine 4,NRCC,2,1,13,0,13
Engine 4,NRCC,2,2,13,0,13
Engine 4,NRCC,2,3,10,3,13
Engine 4,NRCC,2,4,13,0,13
Engine 4,NRCC,2,5,13,0,13
Engine 4,NRCC,3,1,13,0,13
Engine 4,NRCC,3,2,13,0,13
Engine 4,NRCC,3,3,13,0,13
Engine 4,NRCC,3,4,12,1,13
Engine 4,NRCC,3,5,12,1,13
Engine 4,NRCC,4,1,13,0,13
Engine 4,NRCC,4,2,13,0,13
Engine 4,NRCC,4,3,13,0,13
Engine 4,NRCC,4,4,13,0,13
Engine 4,NRCC,4,5,12,1,13
Engine 4,NRCC,5,1,13,0,13
Engine 4,NRCC,5,2,13,0,13
Engine 4,NRCC,5,3,13,0,13
Engine 4,NRCC,5,4,13,0,13
Engine 4,NRCC,5,5,13,0,13
Engine 4,GBCC,1,1,34,1,35
Engine 4,GBCC,1,2,35,0,35
Engine 4,GBCC,1,3,35,0,35
Engine 4,GBCC,1,4,35,0,35
Engine 4,GBCC,1,5,35,0,35
Engine 4,GBCC,2,1,35,0,35
Engine 4,GBCC,2,2,30,5,35
Engine 4,GBCC,2,3,29,6,35
Engine 4,GBCC,2,4,35,0,35
Engine 4,GBCC,2,5,35,0,35
Engine 4,GBCC,3,1,35,0,35
Engine 4,GBCC,3,2,35,0,35
Engine 4,GBCC,3,3,35,0,35
Engine 4,GBCC,3,4,33,2,35
Engine 4,GBCC,3,5,32,3,35
Engine 4,GBCC,4,1,35,0,35
Engine 4,GBCC,4,2,35,0,35
Engine 4,GBCC,4,3,35,0,35
Engine 4,GBCC,4,4,35,0,35
Engine 4,GBCC,4,5,35,0,35
Engine 4,GBCC,5,1,35,0,35
Engine 4,GBCC,5,2,35,0,35
Engine 4,GBCC,5,3,35,0,35
Engine 4,GBCC,5,4,35,0,35
Engine 4,GBCC,5,5,35,0,35
Engine 4,SWCC,1,1,3,0,3
Engine 4,SWCC,1,2,3,0,3
Engine 4,SWCC,1,3,3,0,3
Engine 4,SWCC,1,4,3,0,3
Engine 4,SWCC,1,5,3,0,3
Engine 4,SWCC,2,1,3,0,3
Engine 4,SWCC,2,2,3,0,3
Engine 4,SWCC,2,3,2,1,3
Engine 4,SWCC,2,4,3,0,3
Engine 4,SWCC,2,5,3,0,3
Engine 4,SWCC,3,1,3,0,3
Engine 4,SWCC,3,2,3,0,3
Engine 4,SWCC,3,3,3,0,3
Engine 4,SWCC,3,4,3,0,3
Engine 4,SWCC,3,5,3,0,3
Engine 4,SWCC,4,1,3,0,3
Engine 4,SWCC,4,2,3,0,3
Engine 4,SWCC,4,3,3,0,3
Engine 4,SWCC,4,4,3,0,3
Engine 4,SWCC,4,5,3,0,3
Engine 4,SWCC,5,1,3,0,3
Engine 4,SWCC,5,2,3,0,3
Engine 4,SWCC,5,3,3,0,3
Engine 4,SWCC,5,4,3,0,3
Engine 4,SWCC,5,5,3,0,3
Engine 4,RMCC,1,1,4,0,4
Engine 4,RMCC,1,2,4,0,4
Engine 4,RMCC,1,3,4,0,4
Engine 4,RMCC,1,4,4,0,4
Engine 4,RMCC,1,5,4,0,4
Engine 4,RMCC,2,1,4,0,4
Engine 4,RMCC,2,2,4,0,4
Engine 4,RMCC,2,3,4,0,4
Engine 4,RMCC,2,4,4,0,4
Engine 4,RMCC,2,5,4,0,4
Engine 4,RMCC,3,1,4,0,4
Engine 4,RMCC,3,2,4,0,4
Engine 4,RMCC,3,3,4,0,4
Engine 4,RMCC,3,4,4,0,4
Engine 4,RMCC,3,5,4,0,4
Engine 4,RMCC,4,1,4,0,4
Engine 4,RMCC,4,2,4,0,4
Engine 4,RMCC,4,3,4,0,4
Engine 4,RMCC,4,4,4,0,4
Engine 4,RMCC,4,5,4,0,4
Engine 4,RMCC,5,1,4,0,4
Engine 4,RMCC,5,2,4,0,4
Engine 4,RMCC,5,3,4,0,4
Engine 4,RMCC,5,4,4,0,4
Engine 4,RMCC,5,5,4,0,4
Engine 4,EACC,1,1,0,0,0
Engine 4,EACC,1,2,0,0,0
Engine 4,EACC,1,3,0,0,0
Engine 4,EACC,1,4,0,0,0
Engine 4,EACC,1,5,0,0,0
Engine 4,EACC,2,1,0,0,0
Engine 4,EACC,2,2,0,0,0
Engine 4,EACC,2,3,0,0,0
Engine 4,EACC,2,4,0,0,0
Engine 4,EACC,2,5,0,0,0
Engine 4,EACC,3,1,0,0,0
Engine 4,EACC,3,2,0,0,0
Engine 4,EACC,3,3,0,0,0
Engine 4,EACC,3,4,0,0,0
Engine 4,EACC,3,5,0,0,0
Engine 4,EACC,4,1,0,0,0
Engine 4,EACC,4,2,0,0,0
Engine 4,EACC,4,3,0,0,0
Engine 4,EACC,4,4,0,0,0
Engine 4,EACC,4,5,0,0,0
Engine 4,EACC,5,1,0,0,0
Engine 4,EACC,5,2,0,0,0
Engine 4,EACC,5,3,0,0,0
Engine 4,EACC,5,4,0,0,0
Engine 4,EACC,5,5,0,0,0
Engine 4,SACC,1,1,0,0,0
Engine 4,SACC,1,2,0,0,0
Engine 4,SACC,1,3,0,0,0
Engine 4,SACC,1,4,0,0,0
Engine 4,SACC,1,5,0,0,0
Engine 4,SACC,2,1,0,0,0
Engine 4,SACC,2,2,0,0,0
Engine 4,SACC,2,3,0,0,0
Engine 4,SACC,2,4,0,0,0
Engine 4,SACC,2,5,0,0,0
Engine 4,SACC,3,1,0,0,0
Engine 4,SACC,3,2,0,0,0
Engine 4,SACC,3,3,0,0,0
Engine 4,SACC,3,4,0,0,0
Engine 4,SACC,3,5,0,0,0
Engine 4,SACC,4,1,0,0,0
Engine 4,SACC,4,2,0,0,0
Engine 4,SACC,4,3,0,0,0
Engine 4,SACC,4,4,0,0,0
Engine 4,SACC,4,5,0,0,0
Engine 4,SACC,5,1,0,0,0
Engine 4,SACC,5,2,0,0,0
Engine 4,SACC,5,3,0,0,0
Engine 4,SACC,5,4,0,0,0
Engine 4,SACC,5,5,0,0,0
Engine 5,AICC,1,1,0,0,0
Engine 5,AICC,1,2,0,0,0
Engine 5,AICC,1,3,0,0,0
Engine 5,AICC,1,4,0,0,0
Engine 5,AICC,1,5,0,0,0
Engine 5,AICC,2,1,0,0,0
Engine 5,AICC,2,2,0,0,0
Engine 5,AICC,2,3,0,0,0
Engine 5,AICC,2,4,0,0,0
Engine 5,AICC,2,5,0,0,0
Engine 5,AICC,3,1,0,0,0
Engine 5,AICC,3,2,0,0,0
Engine 5,AICC,3,3,0,0,0
Engine 5,AICC,3,4,0,0,0
Engine 5,AICC,3,5,0,0,0
Engine 5,AICC,4,1,0,0,0
Engine 5,AICC,4,2,0,0,0
Engine 5,AICC,4,3,0,0,0
Engine 5,AICC,4,4,0,0,0
Engine 5,AICC,4,5,0,0,0
Engine 5,AICC,5,1,0,0,0
Engine 5,AICC,5,2,0,0,0
Engine 5,AICC,5,3,0,0,0
Engine 5,AICC,5,4,0,0,0
Engine 5,AICC,5,5,0,0,0
Engine 5,NWCC,1,1,0,0,0
Engine 5,NWCC,1,2,0,0,0
Engine 5,NWCC,1,3,0,0,0
Engine 5,NWCC,1,4,0,0,0
Engine 5,NWCC,1,5,0,0,0
Engine 5,NWCC,2,1,0,0,0
Engine 5,NWCC,2,2,0,0,0
Engine 5,NWCC,2,3,0,0,0
Engine 5,NWCC,2,4,0,0,0
Engine 5,NWCC,2,5,0,0,0
Engine 5,NWCC,3,1,0,0,0
Engine 5,NWCC,3,2,0,0,0
Engine 5,NWCC,3,3,0,0,0
Engine 5,NWCC,3,4,0,0,0
Engine 5,NWCC,3,5,0,0,0
Engine 5,NWCC,4,1,0,0,0
Engine 5,NWCC,4,2,0,0,0
Engine 5,NWCC,4,3,0,0,0
Engine 5,NWCC,4,4,0,0,0
Engine 5,NWCC,4,5,0,0,0
Engine 5,NWCC,5,1,0,0,0
Engine 5,NWCC,5,2,0,0,0
Engine 5,NWCC,5,3,0,0,0
Engine 5,NWCC,5,4,0,0,0
Engine 5,NWCC,5,5,0,0,0
Engine 5,ONCC,1,1,0,0,0
Engine 5,ONCC,1,2,0,0,0
Engine 5,ONCC,1,3,0,0,0
Engine 5,ONCC,1,4,0,0,0
Engine 5,ONCC,1,5,0,0,0
Engine 5,ONCC,2,1,0,0,0
Engine 5,ONCC,2,2,0,0,0
Engine 5,ONCC,2,3,0,0,0
Engine 5,ONCC,2,4,0,0,0
Engine 5,ONCC,2,5,0,0,0
Engine 5,ONCC,3,1,0,0,0
Engine 5,ONCC,3,2,0,0,0
Engine 5,ONCC,3,3,0,0,0
Engine 5,ONCC,3,4,0,0,0
Engine 5,ONCC,3,5,0,0,0
Engine 5,ONCC,4,1,0,0,0
Engine 5,ONCC,4,2,0,0,0
Engine 5,ONCC,4,3,0,0,0
Engine 5,ONCC,4,4,0,0,0
Engine 5,ONCC,4,5,0,0,0
Engine 5,ONCC,5,1,0,0,0
Engine 5,ONCC,5,2,0,0,0
Engine 5,ONCC,5,3,0,0,0
Engine 5,ONCC,5,4,0,0,0
Engine 5,ONCC,5,5,0,0,0
Engine 5,OSCC,1,1,0,0,0
Engine 5,OSCC,1,2,0,0,0
Engine 5,OSCC,1,3,0,0,0
Engine 5,OSCC,1,4,0,0,0
Engine 5,OSCC,1,5,0,0,0
Engine 5,OSCC,2,1,0,0,0
Engine 5,OSCC,2,2,0,0,0
Engine 5,OSCC,2,3,0,0,0
Engine 5,OSCC,2,4,0,0,0
Engine 5,OSCC,2,5,0,0,0
Engine 5,OSCC,3,1,0,0,0
Engine 5,OSCC,3,2,0,0,0
Engine 5,OSCC,3,3,0,0,0
Engine 5,OSCC,3,4,0,0,0
Engine 5,OSCC,3,5,0,0,0
Engine 5,OSCC,4,1,0,0,0
Engine 5,OSCC,4,2,0,0,0
Engine 5,OSCC,4,3,0,0,0
Engine 5,OSCC,4,4,0,0,0
Engine 5,OSCC,4,5,0,0,0
Engine 5,OSCC,5,1,0,0,0
Engine 5,OSCC,5,2,0,0,0
Engine 5,OSCC,5,3,0,0,0
Engine 5,OSCC,5,4,0,0,0
Engine 5,OSCC,5,5,0,0,0
Engine 5,NRCC,1,1,0,0,0
Engine 5,NRCC,1,2,0,0,0
Engine 5,NRCC,1,3,0,0,0
Engine 5,NRCC,1,4,0,0,0
Engine 5,NRCC,1,5,0,0,0
Engine 5,NRCC,2,1,0,0,0
Engine 5,NRCC,2,2,0,0,0
Engine 5,NRCC,2,3,0,0,0
Engine 5,NRCC,2,4,0,0,0
Engine 5,NRCC,2,5,0,0,0
Engine 5,NRCC,3,1,0,0,0
Engine 5,NRCC,3,2,0,0,0
Engine 5,NRCC,3,3,0,0,0
Engine 5,NRCC,3,4,0,0,0
Engine 5,NRCC,3,5,0,0,0
Engine 5,NRCC,4,1,0,0,0
Engine 5,NRCC,4,2,0,0,0
Engine 5,NRCC,4,3,0,0,0
Engine 5,NRCC,4,4,0,0,0
Engine 5,NRCC,4,5,0,0,0
Engine 5,NRCC,5,1,0,0,0
Engine 5,NRCC,5,2,0,0,0
Engine 5,NRCC,5,3,0,0,0
Engine 5,NRCC,5,4,0,0,0
Engine 5,NRCC,5,5,0,0,0
Engine 5,GBCC,1,1,0,0,0
Engine 5,GBCC,1,2,0,0,0
Engine 5,GBCC,1,3,0,0,0
Engine 5,GBCC,1,4,0,0,0
Engine 5,GBCC,1,5,0,0,0
Engine 5,GBCC,2,1,0,0,0
Engine 5,GBCC,2,2,0,0,0
Engine 5,GBCC,2,3,0,0,0
Engine 5,GBCC,2,4,0,0,0
Engine 5,GBCC,2,5,0,0,0
Engine 5,GBCC,3,1,0,0,0
Engine 5,GBCC,3,2,0,0,0
Engine 5,GBCC,3,3,0,0,0
Engine 5,GBCC,3,4,0,0,0
Engine 5,GBCC,3,5,0,0,0
Engine 5,GBCC,4,1,0,0,0
Engine 5,GBCC,4,2,0,0,0
Engine 5,GBCC,4,3,0,0,0
Engine 5,GBCC,4,4,0,0,0
Engine 5,GBCC,4,5,0,0,0
Engine 5,GBCC,5,1,0,0,0
Engine 5,GBCC,5,2,0,0,0
Engine 5,GBCC,5,3,0,0,0
Engine 5,GBCC,5,4,0,0,0
Engine 5,GBCC,5,5,0,0,0
Engine 5,SWCC,1,1,0,0,0
Engine 5,SWCC,1,2,0,0,0
Engine 5,SWCC,1,3,0,0,0
Engine 5,SWCC,1,4,0,0,0
Engine 5,SWCC,1,5,0,0,0
Engine 5,SWCC,2,1,0,0,0
Engine 5,SWCC,2,2,0,0,0
Engine 5,SWCC,2,3,0,0,0
Engine 5,SWCC,2,4,0,0,0
Engine 5,SWCC,2,5,0,0,0
Engine 5,SWCC,3,1,0,0,0
Engine 5,SWCC,3,2,0,0,0
Engine 5,SWCC,3,3,0,0,0
Engine 5,SWCC,3,4,0,0,0
Engine 5,SWCC,3,5,0,0,0
Engine 5,SWCC,4,1,0,0,0
Engine 5,SWCC,4,2,0,0,0
Engine 5,SWCC,4,3,0,0,0
Engine 5,SWCC,4,4,0,0,0
Engine 5,SWCC,4,5,0,0,0
Engine 5,SWCC,5,1,0,0,0
Engine 5,SWCC,5,2,0,0,0
Engine 5,SWCC,5,3,0,0,0
Engine 5,SWCC,5,4,0,0,0
Engine 5,SWCC,5,5,0,0,0
Engine 5,RMCC,1,1,0,0,0
Engine 5,RMCC,1,2,0,0,0
Engine 5,RMCC,1,3,0,0,0
Engine 5,RMCC,1,4,0,0,0
Engine 5,RMCC,1,5,0,0,0
Engine 5,RMCC,2,1,0,0,0
Engine 5,RMCC,2,2,0,0,0
Engine 5,RMCC,2,3,0,0,0
Engine 5,RMCC,2,4,0,0,0
Engine 5,RMCC,2,5,0,0,0
Engine 5,RMCC,3,1,0,0,0
Engine 5,RMCC,3,2,0,0,0
Engine 5,RMCC,3,3,0,0,0
Engine 5,RMCC,3,4,0,0,0
Engine 5,RMCC,3,5,0,0,0
Engine 5,RMCC,4,1,0,0,0
Engine 5,RMCC,4,2,0,0,0
Engine 5,RMCC,4,3,0,0,0
Engine 5,RMCC,4,4,0,0,0
Engine 5,RMCC,4,5,0,0,0
Engine 5,RMCC,5,1,0,0,0
Engine 5,RMCC,5,2,0,0,0
Engine 5,RMCC,5,3,0,0,0
Engine 5,RMCC,5,4,0,0,0
Engine 5,RMCC,5,5,0,0,0
Engine 5,EACC,1,1,0,0,0
Engine 5,EACC,1,2,0,0,0
Engine 5,EACC,1,3,0,0,0
Engine 5,EACC,1,4,0,0,0
Engine 5,EACC,1,5,0,0,0
Engine 5,EACC,2,1,0,0,0
Engine 5,EACC,2,2,0,0,0
Engine 5,EACC,2,3,0,0,0
Engine 5,EACC,2,4,0,0,0
Engine 5,EACC,2,5,0,0,0
Engine 5,EACC,3,1,0,0,0
Engine 5,EACC,3,2,0,0,0
Engine 5,EACC,3,3,0,0,0
Engine 5,EACC,3,4,0,0,0
Engine 5,EACC,3,5,0,0,0
Engine 5,EACC,4,1,0,0,0
Engine 5,EACC,4,2,0,0,0
Engine 5,EACC,4,3,0,0,0
Engine 5,EACC,4,4,0,0,0
Engine 5,EACC,4,5,0,0,0
Engine 5,EACC,5,1,0,0,0
Engine 5,EACC,5,2,0,0,0
Engine 5,EACC,5,3,0,0,0
Engine 5,EACC,5,4,0,0,0
Engine 5,EACC,5,5,0,0,0
Engine 5,SACC,1,1,0,0,0
Engine 5,SACC,1,2,0,0,0
Engine 5,SACC,1,3,0,0,0
Engine 5,SACC,1,4,0,0,0
Engine 5,SACC,1,5,0,0,0
Engine 5,SACC,2,1,0,0,0
Engine 5,SACC,2,2,0,0,0
Engine 5,SACC,2,3,0,0,0
Engine 5,SACC,2,4,0,0,0
Engine 5,SACC,2,5,0,0,0
Engine 5,SACC,3,1,0,0,0
Engine 5,SACC,3,2,0,0,0
Engine 5,SACC,3,3,0,0,0
Engine 5,SACC,3,4,0,0,0
Engine 5,SACC,3,5,0,0,0
Engine 5,SACC,4,1,0,0,0
Engine 5,SACC,4,2,0,0,0
Engine 5,SACC,4,3,0,0,0
Engine 5,SACC,4,4,0,0,0
Engine 5,SACC,4,5,0,0,0
Engine 5,SACC,5,1,0,0,0
Engine 5,SACC,5,2,0,0,0
Engine 5,SACC,5,3,0,0,0
Engine 5,SACC,5,4,0,0,0
Engine 5,SACC,5,5,0,0,0
Engine 6,AICC,1,1,1,0,1
Engine 6,AICC,1,2,1,0,1
Engine 6,AICC,1,3,1,0,1
Engine 6,AICC,1,4,1,0,1
Engine 6,AICC,1,5,0,1,1
Engine 6,AICC,2,1,1,0,1
Engine 6,AICC,2,2,1,0,1
Engine 6,AICC,2,3,1,0,1
Engine 6,AICC,2,4,1,0,1
Engine 6,AICC,2,5,1,0,1
Engine 6,AICC,3,1,1,0,1
Engine 6,AICC,3,2,1,0,1
Engine 6,AICC,3,3,1,0,1
Engine 6,AICC,3,4,1,0,1
Engine 6,AICC,3,5,1,0,1
Engine 6,AICC,4,1,1,0,1
Engine 6,AICC,4,2,1,0,1
Engine 6,AICC,4,3,1,0,1
Engine 6,AICC,4,4,1,0,1
Engine 6,AICC,4,5,1,0,1
Engine 6,AICC,5,1,1,0,1
Engine 6,AICC,5,2,1,0,1
Engine 6,AICC,5,3,1,0,1
Engine 6,AICC,5,4,1,0,1
Engine 6,AICC,5,5,1,0,1
Engine 6,NWCC,1,1,69,1,70
Engine 6,NWCC,1,2,66,4,70
Engine 6,NWCC,1,3,68,2,70
Engine 6,NWCC,1,4,70,0,70
Engine 6,NWCC,1,5,70,0,70
Engine 6,NWCC,2,1,70,0,70
Engine 6,NWCC,2,2,70,0,70
Engine 6,NWCC,2,3,52,18,70
Engine 6,NWCC,2,4,62,8,70
Engine 6,NWCC,2,5,70,0,70
Engine 6,NWCC,3,1,70,0,70
Engine 6,NWCC,3,2,70,0,70
Engine 6,NWCC,3,3,70,0,70
Engine 6,NWCC,3,4,65,5,70
Engine 6,NWCC,3,5,68,2,70
Engine 6,NWCC,4,1,70,0,70
Engine 6,NWCC,4,2,70,0,70
Engine 6,NWCC,4,3,70,0,70
Engine 6,NWCC,4,4,70,0,70
Engine 6,NWCC,4,5,67,3,70
Engine 6,NWCC,5,1,70,0,70
Engine 6,NWCC,5,2,70,0,70
Engine 6,NWCC,5,3,70,0,70
Engine 6,NWCC,5,4,70,0,70
Engine 6,NWCC,5,5,70,0,70
Engine 6,ONCC,1,1,0,0,0
Engine 6,ONCC,1,2,0,0,0
Engine 6,ONCC,1,3,0,0,0
Engine 6,ONCC,1,4,0,0,0
Engine 6,ONCC,1,5,0,0,0
Engine 6,ONCC,2,1,0,0,0
Engine 6,ONCC,2,2,0,0,0
Engine 6,ONCC,2,3,0,0,0
Engine 6,ONCC,2,4,0,0,0
Engine 6,ONCC,2,5,0,0,0
Engine 6,ONCC,3,1,0,0,0
Engine 6,ONCC,3,2,0,0,0
Engine 6,ONCC,3,3,0,0,0
Engine 6,ONCC,3,4,0,0,0
Engine 6,ONCC,3,5,0,0,0
Engine 6,ONCC,4,1,0,0,0
Engine 6,ONCC,4,2,0,0,0
Engine 6,ONCC,4,3,0,0,0
Engine 6,ONCC,4,4,0,0,0
Engine 6,ONCC,4,5,0,0,0
Engine 6,ONCC,5,1,0,0,0
Engine 6,ONCC,5,2,0,0,0
Engine 6,ONCC,5,3,0,0,0
Engine 6,ONCC,5,4,0,0,0
Engine 6,ONCC,5,5,0,0,0
Engine 6,OSCC,1,1,18,0,18
Engine 6,OSCC,1,2,18,0,18
Engine 6,OSCC,1,3,18,0,18
Engine 6,OSCC,1,4,18,0,18
Engine 6,OSCC,1,5,18,0,18
Engine 6,OSCC,2,1,18,0,18
Engine 6,OSCC,2,2,18,0,18
Engine 6,OSCC,2,3,18,0,18
Engine 6,OSCC,2,4,18,0,18
Engine 6,OSCC,2,5,18,0,18
Engine 6,OSCC,3,1,18,0,18
Engine 6,OSCC,3,2,18,0,18
Engine 6,OSCC,3,3,18,0,18
Engine 6,OSCC,3,4,18,0,18
Engine 6,OSCC,3,5,18,0,18
Engine 6,OSCC,4,1,18,0,18
Engine 6,OSCC,4,2,18,0,18
Engine 6,OSCC,4,3,18,0,18
Engine 6,OSCC,4,4,18,0,18
Engine 6,OSCC,4,5,18,0,18
Engine 6,OSCC,5,1,18,0,18
Engine 6,OSCC,5,2,18,0,18
Engine 6,OSCC,5,3,18,0,18
Engine 6,OSCC,5,4,18,0,18
Engine 6,OSCC,5,5,18,0,18
Engine 6,NRCC,1,1,72,1,73
Engine 6,NRCC,1,2,62,11,73
Engine 6,NRCC,1,3,57,16,73
Engine 6,NRCC,1,4,73,0,73
Engine 6,NRCC,1,5,73,0,73
Engine 6,NRCC,2,1,73,0,73
Engine 6,NRCC,2,2,73,0,73
Engine 6,NRCC,2,3,62,11,73
Engine 6,NRCC,2,4,65,8,73
Engine 6,NRCC,2,5,66,7,73
Engine 6,NRCC,3,1,73,0,73
Engine 6,NRCC,3,2,73,0,73
Engine 6,NRCC,3,3,73,0,73
Engine 6,NRCC,3,4,67,6,73
Engine 6,NRCC,3,5,64,9,73
Engine 6,NRCC,4,1,73,0,73
Engine 6,NRCC,4,2,73,0,73
Engine 6,NRCC,4,3,73,0,73
Engine 6,NRCC,4,4,73,0,73
Engine 6,NRCC,4,5,69,4,73
Engine 6,NRCC,5,1,73,0,73
Engine 6,NRCC,5,2,73,0,73
Engine 6,NRCC,5,3,73,0,73
Engine 6,NRCC,5,4,73,0,73
Engine 6,NRCC,5,5,73,0,73
Engine 6,GBCC,1,1,38,1,39
Engine 6,GBCC,1,2,37,2,39
Engine 6,GBCC,1,3,35,4,39
Engine 6,GBCC,1,4,39,0,39
Engine 6,GBCC,1,5,39,0,39
Engine 6,GBCC,2,1,37,2,39
Engine 6,GBCC,2,2,37,2,39
Engine 6,GBCC,2,3,36,3,39
Engine 6,GBCC,2,4,39,0,39
Engine 6,GBCC,2,5,39,0,39
Engine 6,GBCC,3,1,39,0,39
Engine 6,GBCC,3,2,39,0,39
Engine 6,GBCC,3,3,36,3,39
Engine 6,GBCC,3,4,39,0,39
Engine 6,GBCC,3,5,39,0,39
Engine 6,GBCC,4,1,39,0,39
Engine 6,GBCC,4,2,39,0,39
Engine 6,GBCC,4,3,39,0,39
Engine 6,GBCC,4,4,39,0,39
Engine 6,GBCC,4,5,39,0,39
Engine 6,GBCC,5,1,39,0,39
Engine 6,GBCC,5,2,39,0,39
Engine 6,GBCC,5,3,39,0,39
Engine 6,GBCC,5,4,39,0,39
Engine 6,GBCC,5,5,39,0,39
Engine 6,SWCC,1,1,68,0,68
Engine 6,SWCC,1,2,68,0,68
Engine 6,SWCC,1,3,68,0,68
Engine 6,SWCC,1,4,68,0,68
Engine 6,SWCC,1,5,68,0,68
Engine 6,SWCC,2,1,68,0,68
Engine 6,SWCC,2,2,66,2,68
Engine 6,SWCC,2,3,58,10,68
Engine 6,SWCC,2,4,57,11,68
Engine 6,SWCC,2,5,60,8,68
Engine 6,SWCC,3,1,68,0,68
Engine 6,SWCC,3,2,68,0,68
Engine 6,SWCC,3,3,65,3,68
Engine 6,SWCC,3,4,60,8,68
Engine 6,SWCC,3,5,60,8,68
Engine 6,SWCC,4,1,68,0,68
Engine 6,SWCC,4,2,68,0,68
Engine 6,SWCC,4,3,68,0,68
Engine 6,SWCC,4,4,68,0,68
Engine 6,SWCC,4,5,66,2,68
Engine 6,SWCC,5,1,68,0,68
Engine 6,SWCC,5,2,68,0,68
Engine 6,SWCC,5,3,68,0,68
Engine 6,SWCC,5,4,68,0,68
Engine 6,SWCC,5,5,68,0,68
Engine 6,RMCC,1,1,50,0,50
Engine 6,RMCC,1,2,50,0,50
Engine 6,RMCC,1,3,50,0,50
Engine 6,RMCC,1,4,50,0,50
Engine 6,RMCC,1,5,50,0,50
Engine 6,RMCC,2,1,50,0,50
Engine 6,RMCC,2,2,50,0,50
Engine 6,RMCC,2,3,50,0,50
Engine 6,RMCC,2,4,50,0,50
Engine 6,RMCC,2,5,50,0,50
Engine 6,RMCC,3,1,50,0,50
Engine 6,RMCC,3,2,50,0,50
Engine 6,RMCC,3,3,50,0,50
Engine 6,RMCC,3,4,49,1,50
Engine 6,RMCC,3,5,46,4,50
Engine 6,RMCC,4,1,50,0,50
Engine 6,RMCC,4,2,50,0,50
Engine 6,RMCC,4,3,50,0,50
Engine 6,RMCC,4,4,50,0,50
Engine 6,RMCC,4,5,50,0,50
Engine 6,RMCC,5,1,50,0,50
Engine 6,RMCC,5,2,50,0,50
Engine 6,RMCC,5,3,50,0,50
Engine 6,RMCC,5,4,50,0,50
Engine 6,RMCC,5,5,50,0,50
Engine 6,EACC,1,1,44,0,44
Engine 6,EACC,1,2,44,0,44
Engine 6,EACC,1,3,38,6,44
Engine 6,EACC,1,4,35,9,44
Engine 6,EACC,1,5,33,11,44
Engine 6,EACC,2,1,44,0,44
Engine 6,EACC,2,2,44,0,44
Engine 6,EACC,2,3,44,0,44
Engine 6,EACC,2,4,44,0,44
Engine 6,EACC,2,5,44,0,44
Engine 6,EACC,3,1,44,0,44
Engine 6,EACC,3,2,44,0,44
Engine 6,EACC,3,3,44,0,44
Engine 6,EACC,3,4,44,0,44
Engine 6,EACC,3,5,44,0,44
Engine 6,EACC,4,1,44,0,44
Engine 6,EACC,4,2,44,0,44
Engine 6,EACC,4,3,44,0,44
Engine 6,EACC,4,4,44,0,44
Engine 6,EACC,4,5,44,0,44
Engine 6,EACC,5,1,44,0,44
Engine 6,EACC,5,2,44,0,44
Engine 6,EACC,5,3,44,0,44
Engine 6,EACC,5,4,44,0,44
Engine 6,EACC,5,5,44,0,44
Engine 6,SACC,1,1,43,1,44
Engine 6,SACC,1,2,42,2,44
Engine 6,SACC,1,3,38,6,44
Engine 6,SACC,1,4,42,2,44
Engine 6,SACC,1,5,44,0,44
Engine 6,SACC,2,1,44,0,44
Engine 6,SACC,2,2,44,0,44
Engine 6,SACC,2,3,44,0,44
Engine 6,SACC,2,4,36,8,44
Engine 6,SACC,2,5,32,12,44
Engine 6,SACC,3,1,44,0,44
Engine 6,SACC,3,2,44,0,44
Engine 6,SACC,3,3,44,0,44
Engine 6,SACC,3,4,44,0,44
Engine 6,SACC,3,5,39,5,44
Engine 6,SACC,4,1,44,0,44
Engine 6,SACC,4,2,44,0,44
Engine 6,SACC,4,3,44,0,44
Engine 6,SACC,4,4,44,0,44
Engine 6,SACC,4,5,44,0,44
Engine 6,SACC,5,1,44,0,44
Engine 6,SACC,5,2,44,0,44
Engine 6,SACC,5,3,44,0,44
Engine 6,SACC,5,4,44,0,44
Engine 6,SACC,5,5,44,0,44
Engine 7,AICC,1,1,0,0,0
Engine 7,AICC,1,2,0,0,0
Engine 7,AICC,1,3,0,0,0
Engine 7,AICC,1,4,0,0,0
Engine 7,AICC,1,5,0,0,0
Engine 7,AICC,2,1,0,0,0
Engine 7,AICC,2,2,0,0,0
Engine 7,AICC,2,3,0,0,0
Engine 7,AICC,2,4,0,0,0
Engine 7,AICC,2,5,0,0,0
Engine 7,AICC,3,1,0,0,0
Engine 7,AICC,3,2,0,0,0
Engine 7,AICC,3,3,0,0,0
Engine 7,AICC,3,4,0,0,0
Engine 7,AICC,3,5,0,0,0
Engine 7,AICC,4,1,0,0,0
Engine 7,AICC,4,2,0,0,0
Engine 7,AICC,4,3,0,0,0
Engine 7,AICC,4,4,0,0,0
Engine 7,AICC,4,5,0,0,0
Engine 7,AICC,5,1,0,0,0
Engine 7,AICC,5,2,0,0,0
Engine 7,AICC,5,3,0,0,0
Engine 7,AICC,5,4,0,0,0
Engine 7,AICC,5,5,0,0,0
Engine 7,NWCC,1,1,0,0,0
Engine 7,NWCC,1,2,0,0,0
Engine 7,NWCC,1,3,0,0,0
Engine 7,NWCC,1,4,0,0,0
Engine 7,NWCC,1,5,0,0,0
Engine 7,NWCC,2,1,0,0,0
Engine 7,NWCC,2,2,0,0,0
Engine 7,NWCC,2,3,0,0,0
Engine 7,NWCC,2,4,0,0,0
Engine 7,NWCC,2,5,0,0,0
Engine 7,NWCC,3,1,0,0,0
Engine 7,NWCC,3,2,0,0,0
Engine 7,NWCC,3,3,0,0,0
Engine 7,NWCC,3,4,0,0,0
Engine 7,NWCC,3,5,0,0,0
Engine 7,NWCC,4,1,0,0,0
Engine 7,NWCC,4,2,0,0,0
Engine 7,NWCC,4,3,0,0,0
Engine 7,NWCC,4,4,0,0,0
Engine 7,NWCC,4,5,0,0,0
Engine 7,NWCC,5,1,0,0,0
Engine 7,NWCC,5,2,0,0,0
Engine 7,NWCC,5,3,0,0,0
Engine 7,NWCC,5,4,0,0,0
Engine 7,NWCC,5,5,0,0,0
Engine 7,ONCC,1,1,5,0,5
Engine 7,ONCC,1,2,5,0,5
Engine 7,ONCC,1,3,5,0,5
Engine 7,ONCC,1,4,5,0,5
Engine 7,ONCC,1,5,5,0,5
Engine 7,ONCC,2,1,5,0,5
Engine 7,ONCC,2,2,5,0,5
Engine 7,ONCC,2,3,5,0,5
Engine 7,ONCC,2,4,5,0,5
Engine 7,ONCC,2,5,5,0,5
Engine 7,ONCC,3,1,5,0,5
Engine 7,ONCC,3,2,5,0,5
Engine 7,ONCC,3,3,5,0,5
Engine 7,ONCC,3,4,5,0,5
Engine 7,ONCC,3,5,5,0,5
Engine 7,ONCC,4,1,5,0,5
Engine 7,ONCC,4,2,5,0,5
Engine 7,ONCC,4,3,5,0,5
Engine 7,ONCC,4,4,5,0,5
Engine 7,ONCC,4,5,5,0,5
Engine 7,ONCC,5,1,5,0,5
Engine 7,ONCC,5,2,5,0,5
Engine 7,ONCC,5,3,5,0,5
Engine 7,ONCC,5,4,5,0,5
Engine 7,ONCC,5,5,5,0,5
Engine 7,OSCC,1,1,9,0,9
Engine 7,OSCC,1,2,9,0,9
Engine 7,OSCC,1,3,9,0,9
Engine 7,OSCC,1,4,9,0,9
Engine 7,OSCC,1,5,9,0,9
Engine 7,OSCC,2,1,9,0,9
Engine 7,OSCC,2,2,9,0,9
Engine 7,OSCC,2,3,9,0,9
Engine 7,OSCC,2,4,9,0,9
Engine 7,OSCC,2,5,9,0,9
Engine 7,OSCC,3,1,9,0,9
Engine 7,OSCC,3,2,9,0,9
Engine 7,OSCC,3,3,9,0,9
Engine 7,OSCC,3,4,9,0,9
Engine 7,OSCC,3,5,9,0,9
Engine 7,OSCC,4,1,9,0,9
Engine 7,OSCC,4,2,9,0,9
Engine 7,OSCC,4,3,9,0,9
Engine 7,OSCC,4,4,9,0,9
Engine 7,OSCC,4,5,9,0,9
Engine 7,OSCC,5,1,9,0,9
Engine 7,OSCC,5,2,9,0,9
Engine 7,OSCC,5,3,9,0,9
Engine 7,OSCC,5,4,9,0,9
Engine 7,OSCC,5,5,9,0,9
Engine 7,NRCC,1,1,0,0,0
Engine 7,NRCC,1,2,0,0,0
Engine 7,NRCC,1,3,0,0,0
Engine 7,NRCC,1,4,0,0,0
Engine 7,NRCC,1,5,0,0,0
Engine 7,NRCC,2,1,0,0,0
Engine 7,NRCC,2,2,0,0,0
Engine 7,NRCC,2,3,0,0,0
Engine 7,NRCC,2,4,0,0,0
Engine 7,NRCC,2,5,0,0,0
Engine 7,NRCC,3,1,0,0,0
Engine 7,NRCC,3,2,0,0,0
Engine 7,NRCC,3,3,0,0,0
Engine 7,NRCC,3,4,0,0,0
Engine 7,NRCC,3,5,0,0,0
Engine 7,NRCC,4,1,0,0,0
Engine 7,NRCC,4,2,0,0,0
Engine 7,NRCC,4,3,0,0,0
Engine 7,NRCC,4,4,0,0,0
Engine 7,NRCC,4,5,0,0,0
Engine 7,NRCC,5,1,0,0,0
Engine 7,NRCC,5,2,0,0,0
Engine 7,NRCC,5,3,0,0,0
Engine 7,NRCC,5,4,0,0,0
Engine 7,NRCC,5,5,0,0,0
Engine 7,GBCC,1,1,5,0,5
Engine 7,GBCC,1,2,5,0,5
Engine 7,GBCC,1,3,5,0,5
Engine 7,GBCC,1,4,5,0,5
Engine 7,GBCC,1,5,5,0,5
Engine 7,GBCC,2,1,5,0,5
Engine 7,GBCC,2,2,5,0,5
Engine 7,GBCC,2,3,5,0,5
Engine 7,GBCC,2,4,5,0,5
Engine 7,GBCC,2,5,5,0,5
Engine 7,GBCC,3,1,5,0,5
Engine 7,GBCC,3,2,5,0,5
Engine 7,GBCC,3,3,5,0,5
Engine 7,GBCC,3,4,5,0,5
Engine 7,GBCC,3,5,5,0,5
Engine 7,GBCC,4,1,5,0,5
Engine 7,GBCC,4,2,5,0,5
Engine 7,GBCC,4,3,5,0,5
Engine 7,GBCC,4,4,5,0,5
Engine 7,GBCC,4,5,5,0,5
Engine 7,GBCC,5,1,5,0,5
Engine 7,GBCC,5,2,5,0,5
Engine 7,GBCC,5,3,5,0,5
Engine 7,GBCC,5,4,5,0,5
Engine 7,GBCC,5,5,5,0,5
Engine 7,SWCC,1,1,0,0,0
Engine 7,SWCC,1,2,0,0,0
Engine 7,SWCC,1,3,0,0,0
Engine 7,SWCC,1,4,0,0,0
Engine 7,SWCC,1,5,0,0,0
Engine 7,SWCC,2,1,0,0,0
Engine 7,SWCC,2,2,0,0,0
Engine 7,SWCC,2,3,0,0,0
Engine 7,SWCC,2,4,0,0,0
Engine 7,SWCC,2,5,0,0,0
Engine 7,SWCC,3,1,0,0,0
Engine 7,SWCC,3,2,0,0,0
Engine 7,SWCC,3,3,0,0,0
Engine 7,SWCC,3,4,0,0,0
Engine 7,SWCC,3,5,0,0,0
Engine 7,SWCC,4,1,0,0,0
Engine 7,SWCC,4,2,0,0,0
Engine 7,SWCC,4,3,0,0,0
Engine 7,SWCC,4,4,0,0,0
Engine 7,SWCC,4,5,0,0,0
Engine 7,SWCC,5,1,0,0,0
Engine 7,SWCC,5,2,0,0,0
Engine 7,SWCC,5,3,0,0,0
Engine 7,SWCC,5,4,0,0,0
Engine 7,SWCC,5,5,0,0,0
Engine 7,RMCC,1,1,3,0,3
Engine 7,RMCC,1,2,3,0,3
Engine 7,RMCC,1,3,3,0,3
Engine 7,RMCC,1,4,3,0,3
Engine 7,RMCC,1,5,3,0,3
Engine 7,RMCC,2,1,3,0,3
Engine 7,RMCC,2,2,3,0,3
Engine 7,RMCC,2,3,3,0,3
Engine 7,RMCC,2,4,3,0,3
Engine 7,RMCC,2,5,3,0,3
Engine 7,RMCC,3,1,3,0,3
Engine 7,RMCC,3,2,3,0,3
Engine 7,RMCC,3,3,3,0,3
Engine 7,RMCC,3,4,3,0,3
Engine 7,RMCC,3,5,3,0,3
Engine 7,RMCC,4,1,3,0,3
Engine 7,RMCC,4,2,3,0,3
Engine 7,RMCC,4,3,3,0,3
Engine 7,RMCC,4,4,3,0,3
Engine 7,RMCC,4,5,3,0,3
Engine 7,RMCC,5,1,3,0,3
Engine 7,RMCC,5,2,3,0,3
Engine 7,RMCC,5,3,3,0,3
Engine 7,RMCC,5,4,3,0,3
Engine 7,RMCC,5,5,3,0,3
Engine 7,EACC,1,1,1,0,1
Engine 7,EACC,1,2,1,0,1
Engine 7,EACC,1,3,1,0,1
Engine 7,EACC,1,4,1,0,1
Engine 7,EACC,1,5,1,0,1
Engine 7,EACC,2,1,1,0,1
Engine 7,EACC,2,2,1,0,1
Engine 7,EACC,2,3,1,0,1
Engine 7,EACC,2,4,1,0,1
Engine 7,EACC,2,5,1,0,1
Engine 7,EACC,3,1,1,0,1
Engine 7,EACC,3,2,1,0,1
Engine 7,EACC,3,3,1,0,1
Engine 7,EACC,3,4,1,0,1
Engine 7,EACC,3,5,1,0,1
Engine 7,EACC,4,1,1,0,1
Engine 7,EACC,4,2,1,0,1
Engine 7,EACC,4,3,1,0,1
Engine 7,EACC,4,4,1,0,1
Engine 7,EACC,4,5,1,0,1
Engine 7,EACC,5,1,1,0,1
Engine 7,EACC,5,2,1,0,1
Engine 7,EACC,5,3,1,0,1
Engine 7,EACC,5,4,1,0,1
Engine 7,EACC,5,5,1,0,1
Engine 7,SACC,1,1,0,0,0
Engine 7,SACC,1,2,0,0,0
Engine 7,SACC,1,3,0,0,0
Engine 7,SACC,1,4,0,0,0
Engine 7,SACC,1,5,0,0,0
Engine 7,SACC,2,1,0,0,0
Engine 7,SACC,2,2,0,0,0
Engine 7,SACC,2,3,0,0,0
Engine 7,SACC,2,4,0,0,0
Engine 7,SACC,2,5,0,0,0
Engine 7,SACC,3,1,0,0,0
Engine 7,SACC,3,2,0,0,0
Engine 7,SACC,3,3,0,0,0
Engine 7,SACC,3,4,0,0,0
Engine 7,SACC,3,5,0,0,0
Engine 7,SACC,4,1,0,0,0
Engine 7,SACC,4,2,0,0,0
Engine 7,SACC,4,3,0,0,0
Engine 7,SACC,4,4,0,0,0
Engine 7,SACC,4,5,0,0,0
Engine 7,SACC,5,1,0,0,0
Engine 7,SACC,5,2,0,0,0
Engine 7,SACC,5,3,0,0,0
Engine 7,SACC,5,4,0,0,0
Engine 7,SACC,5,5,0,0,0
Dozer 1,AICC,1,1,0,0,0
Dozer 1,AICC,1,2,0,0,0
Dozer 1,AICC,1,3,0,0,0
Dozer 1,AICC,1,4,0,0,0
Dozer 1,AICC,1,5,0,0,0
Dozer 1,AICC,2,1,0,0,0
Dozer 1,AICC,2,2,0,0,0
Dozer 1,AICC,2,3,0,0,0
Dozer 1,AICC,2,4,0,0,0
Dozer 1,AICC,2,5,0,0,0
Dozer 1,AICC,3,1,0,0,0
Dozer 1,AICC,3,2,0,0,0
Dozer 1,AICC,3,3,0,0,0
Dozer 1,AICC,3,4,0,0,0
Dozer 1,AICC,3,5,0,0,0
Dozer 1,AICC,4,1,0,0,0
Dozer 1,AICC,4,2,0,0,0
Dozer 1,AICC,4,3,0,0,0
Dozer 1,AICC,4,4,0,0,0
Dozer 1,AICC,4,5,0,0,0
Dozer 1,AICC,5,1,0,0,0
Dozer 1,AICC,5,2,0,0,0
Dozer 1,AICC,5,3,0,0,0
Dozer 1,AICC,5,4,0,0,0
Dozer 1,AICC,5,5,0,0,0
Dozer 1,NWCC,1,1,0,0,0
Dozer 1,NWCC,1,2,0,0,0
Dozer 1,NWCC,1,3,0,0,0
Dozer 1,NWCC,1,4,0,0,0
Dozer 1,NWCC,1,5,0,0,0
Dozer 1,NWCC,2,1,0,0,0
Dozer 1,NWCC,2,2,0,0,0
Dozer 1,NWCC,2,3,0,0,0
Dozer 1,NWCC,2,4,0,0,0
Dozer 1,NWCC,2,5,0,0,0
Dozer 1,NWCC,3,1,0,0,0
Dozer 1,NWCC,3,2,0,0,0
Dozer 1,NWCC,3,3,0,0,0
Dozer 1,NWCC,3,4,0,0,0
Dozer 1,NWCC,3,5,0,0,0
Dozer 1,NWCC,4,1,0,0,0
Dozer 1,NWCC,4,2,0,0,0
Dozer 1,NWCC,4,3,0,0,0
Dozer 1,NWCC,4,4,0,0,0
Dozer 1,NWCC,4,5,0,0,0
Dozer 1,NWCC,5,1,0,0,0
Dozer 1,NWCC,5,2,0,0,0
Dozer 1,NWCC,5,3,0,0,0
Dozer 1,NWCC,5,4,0,0,0
Dozer 1,NWCC,5,5,0,0,0
Dozer 1,ONCC,1,1,0,0,0
Dozer 1,ONCC,1,2,0,0,0
Dozer 1,ONCC,1,3,0,0,0
Dozer 1,ONCC,1,4,0,0,0
Dozer 1,ONCC,1,5,0,0,0
Dozer 1,ONCC,2,1,0,0,0
Dozer 1,ONCC,2,2,0,0,0
Dozer 1,ONCC,2,3,0,0,0
Dozer 1,ONCC,2,4,0,0,0
Dozer 1,ONCC,2,5,0,0,0
Dozer 1,ONCC,3,1,0,0,0
Dozer 1,ONCC,3,2,0,0,0
Dozer 1,ONCC,3,3,0,0,0
Dozer 1,ONCC,3,4,0,0,0
Dozer 1,ONCC,3,5,0,0,0
Dozer 1,ONCC,4,1,0,0,0
Dozer 1,ONCC,4,2,0,0,0
Dozer 1,ONCC,4,3,0,0,0
Dozer 1,ONCC,4,4,0,0,0
Dozer 1,ONCC,4,5,0,0,0
Dozer 1,ONCC,5,1,0,0,0
Dozer 1,ONCC,5,2,0,0,0
Dozer 1,ONCC,5,3,0,0,0
Dozer 1,ONCC,5,4,0,0,0
Dozer 1,ONCC,5,5,0,0,0
Dozer 1,OSCC,1,1,0,0,0
Dozer 1,OSCC,1,2,0,0,0
Dozer 1,OSCC,1,3,0,0,0
Dozer 1,OSCC,1,4,0,0,0
Dozer 1,OSCC,1,5,0,0,0
Dozer 1,OSCC,2,1,0,0,0
Dozer 1,OSCC,2,2,0,0,0
Dozer 1,OSCC,2,3,0,0,0
Dozer 1,OSCC,2,4,0,0,0
Dozer 1,OSCC,2,5,0,0,0
Dozer 1,OSCC,3,1,0,0,0
Dozer 1,OSCC,3,2,0,0,0
Dozer 1,OSCC,3,3,0,0,0
Dozer 1,OSCC,3,4,0,0,0
Dozer 1,OSCC,3,5,0,0,0
Dozer 1,OSCC,4,1,0,0,0
Dozer 1,OSCC,4,2,0,0,0
Dozer 1,OSCC,4,3,0,0,0
Dozer 1,OSCC,4,4,0,0,0
Dozer 1,OSCC,4,5,0,0,0
Dozer 1,OSCC,5,1,0,0,0
Dozer 1,OSCC,5,2,0,0,0
Dozer 1,OSCC,5,3,0,0,0
Dozer 1,OSCC,5,4,0,0,0
Dozer 1,OSCC,5,5,0,0,0
Dozer 1,NRCC,1,1,0,0,0
Dozer 1,NRCC,1,2,0,0,0
Dozer 1,NRCC,1,3,0,0,0
Dozer 1,NRCC,1,4,0,0,0
Dozer 1,NRCC,1,5,0,0,0
Dozer 1,NRCC,2,1,0,0,0
Dozer 1,NRCC,2,2,0,0,0
Dozer 1,NRCC,2,3,0,0,0
Dozer 1,NRCC,2,4,0,0,0
Dozer 1,NRCC,2,5,0,0,0
Dozer 1,NRCC,3,1,0,0,0
Dozer 1,NRCC,3,2,0,0,0
Dozer 1,NRCC,3,3,0,0,0
Dozer 1,NRCC,3,4,0,0,0
Dozer 1,NRCC,3,5,0,0,0
Dozer 1,NRCC,4,1,0,0,0
Dozer 1,NRCC,4,2,0,0,0
Dozer 1,NRCC,4,3,0,0,0
Dozer 1,NRCC,4,4,0,0,0
Dozer 1,NRCC,4,5,0,0,0
Dozer 1,NRCC,5,1,0,0,0
Dozer 1,NRCC,5,2,0,0,0
Dozer 1,NRCC,5,3,0,0,0
Dozer 1,NRCC,5,4,0,0,0
Dozer 1,NRCC,5,5,0,0,0
Dozer 1,GBCC,1,1,0,0,0
Dozer 1,GBCC,1,2,0,0,0
Dozer 1,GBCC,1,3,0,0,0
Dozer 1,GBCC,1,4,0,0,0
Dozer 1,GBCC,1,5,0,0,0
Dozer 1,GBCC,2,1,0,0,0
Dozer 1,GBCC,2,2,0,0,0
Dozer 1,GBCC,2,3,0,0,0
Dozer 1,GBCC,2,4,0,0,0
Dozer 1,GBCC,2,5,0,0,0
Dozer 1,GBCC,3,1,0,0,0
Dozer 1,GBCC,3,2,0,0,0
Dozer 1,GBCC,3,3,0,0,0
Dozer 1,GBCC,3,4,0,0,0
Dozer 1,GBCC,3,5,0,0,0
Dozer 1,GBCC,4,1,0,0,0
Dozer 1,GBCC,4,2,0,0,0
Dozer 1,GBCC,4,3,0,0,0
Dozer 1,GBCC,4,4,0,0,0
Dozer 1,GBCC,4,5,0,0,0
Dozer 1,GBCC,5,1,0,0,0
Dozer 1,GBCC,5,2,0,0,0
Dozer 1,GBCC,5,3,0,0,0
Dozer 1,GBCC,5,4,0,0,0
Dozer 1,GBCC,5,5,0,0,0
Dozer 1,SWCC,1,1,0,0,0
Dozer 1,SWCC,1,2,0,0,0
Dozer 1,SWCC,1,3,0,0,0
Dozer 1,SWCC,1,4,0,0,0
Dozer 1,SWCC,1,5,0,0,0
Dozer 1,SWCC,2,1,0,0,0
Dozer 1,SWCC,2,2,0,0,0
Dozer 1,SWCC,2,3,0,0,0
Dozer 1,SWCC,2,4,0,0,0
Dozer 1,SWCC,2,5,0,0,0
Dozer 1,SWCC,3,1,0,0,0
Dozer 1,SWCC,3,2,0,0,0
Dozer 1,SWCC,3,3,0,0,0
Dozer 1,SWCC,3,4,0,0,0
Dozer 1,SWCC,3,5,0,0,0
Dozer 1,SWCC,4,1,0,0,0
Dozer 1,SWCC,4,2,0,0,0
Dozer 1,SWCC,4,3,0,0,0
Dozer 1,SWCC,4,4,0,0,0
Dozer 1,SWCC,4,5,0,0,0
Dozer 1,SWCC,5,1,0,0,0
Dozer 1,SWCC,5,2,0,0,0
Dozer 1,SWCC,5,3,0,0,0
Dozer 1,SWCC,5,4,0,0,0
Dozer 1,SWCC,5,5,0,0,0
Dozer 1,RMCC,1,1,0,0,0
Dozer 1,RMCC,1,2,0,0,0
Dozer 1,RMCC,1,3,0,0,0
Dozer 1,RMCC,1,4,0,0,0
Dozer 1,RMCC,1,5,0,0,0
Dozer 1,RMCC,2,1,0,0,0
Dozer 1,RMCC,2,2,0,0,0
Dozer 1,RMCC,2,3,0,0,0
Dozer 1,RMCC,2,4,0,0,0
Dozer 1,RMCC,2,5,0,0,0
Dozer 1,RMCC,3,1,0,0,0
Dozer 1,RMCC,3,2,0,0,0
Dozer 1,RMCC,3,3,0,0,0
Dozer 1,RMCC,3,4,0,0,0
Dozer 1,RMCC,3,5,0,0,0
Dozer 1,RMCC,4,1,0,0,0
Dozer 1,RMCC,4,2,0,0,0
Dozer 1,RMCC,4,3,0,0,0
Dozer 1,RMCC,4,4,0,0,0
Dozer 1,RMCC,4,5,0,0,0
Dozer 1,RMCC,5,1,0,0,0
Dozer 1,RMCC,5,2,0,0,0
Dozer 1,RMCC,5,3,0,0,0
Dozer 1,RMCC,5,4,0,0,0
Dozer 1,RMCC,5,5,0,0,0
Dozer 1,EACC,1,1,0,0,0
Dozer 1,EACC,1,2,0,0,0
Dozer 1,EACC,1,3,0,0,0
Dozer 1,EACC,1,4,0,0,0
Dozer 1,EACC,1,5,0,0,0
Dozer 1,EACC,2,1,0,0,0
Dozer 1,EACC,2,2,0,0,0
Dozer 1,EACC,2,3,0,0,0
Dozer 1,EACC,2,4,0,0,0
Dozer 1,EACC,2,5,0,0,0
Dozer 1,EACC,3,1,0,0,0
Dozer 1,EACC,3,2,0,0,0
Dozer 1,EACC,3,3,0,0,0
Dozer 1,EACC,3,4,0,0,0
Dozer 1,EACC,3,5,0,0,0
Dozer 1,EACC,4,1,0,0,0
Dozer 1,EACC,4,2,0,0,0
Dozer 1,EACC,4,3,0,0,0
Dozer 1,EACC,4,4,0,0,0
Dozer 1,EACC,4,5,0,0,0
Dozer 1,EACC,5,1,0,0,0
Dozer 1,EACC,5,2,0,0,0
Dozer 1,EACC,5,3,0,0,0
Dozer 1,EACC,5,4,0,0,0
Dozer 1,EACC,5,5,0,0,0
Dozer 1,SACC,1,1,0,0,0
Dozer 1,SACC,1,2,0,0,0
Dozer 1,SACC,1,3,0,0,0
Dozer 1,SACC,1,4,0,0,0
Dozer 1,SACC,1,5,0,0,0
Dozer 1,SACC,2,1,0,0,0
Dozer 1,SACC,2,2,0,0,0
Dozer 1,SACC,2,3,0,0,0
Dozer 1,SACC,2,4,0,0,0
Dozer 1,SACC,2,5,0,0,0
Dozer 1,SACC,3,1,0,0,0
Dozer 1,SACC,3,2,0,0,0
Dozer 1,SACC,3,3,0,0,0
Dozer 1,SACC,3,4,0,0,0
Dozer 1,SACC,3,5,0,0,0
Dozer 1,SACC,4,1,0,0,0
Dozer 1,SACC,4,2,0,0,0
Dozer 1,SACC,4,3,0,0,0
Dozer 1,SACC,4,4,0,0,0
Dozer 1,SACC,4,5,0,0,0
Dozer 1,SACC,5,1,0,0,0
Dozer 1,SACC,5,2,0,0,0
Dozer 1,SACC,5,3,0,0,0
Dozer 1,SACC,5,4,0,0,0
Dozer 1,SACC,5,5,0,0,0
Dozer 2,AICC,1,1,0,0,0
Dozer 2,AICC,1,2,0,0,0
Dozer 2,AICC,1,3,0,0,0
Dozer 2,AICC,1,4,0,0,0
Dozer 2,AICC,1,5,0,0,0
Dozer 2,AICC,2,1,0,0,0
Dozer 2,AICC,2,2,0,0,0
Dozer 2,AICC,2,3,0,0,0
Dozer 2,AICC,2,4,0,0,0
Dozer 2,AICC,2,5,0,0,0
Dozer 2,AICC,3,1,0,0,0
Dozer 2,AICC,3,2,0,0,0
Dozer 2,AICC,3,3,0,0,0
Dozer 2,AICC,3,4,0,0,0
Dozer 2,AICC,3,5,0,0,0
Dozer 2,AICC,4,1,0,0,0
Dozer 2,AICC,4,2,0,0,0
Dozer 2,AICC,4,3,0,0,0
Dozer 2,AICC,4,4,0,0,0
Dozer 2,AICC,4,5,0,0,0
Dozer 2,AICC,5,1,0,0,0
Dozer 2,AICC,5,2,0,0,0
Dozer 2,AICC,5,3,0,0,0
Dozer 2,AICC,5,4,0,0,0
Dozer 2,AICC,5,5,0,0,0
Dozer 2,NWCC,1,1,1,0,1
Dozer 2,NWCC,1,2,1,0,1
Dozer 2,NWCC,1,3,1,0,1
Dozer 2,NWCC,1,4,1,0,1
Dozer 2,NWCC,1,5,1,0,1
Dozer 2,NWCC,2,1,1,0,1
Dozer 2,NWCC,2,2,1,0,1
Dozer 2,NWCC,2,3,1,0,1
Dozer 2,NWCC,2,4,1,0,1
Dozer 2,NWCC,2,5,1,0,1
Dozer 2,NWCC,3,1,1,0,1
Dozer 2,NWCC,3,2,1,0,1
Dozer 2,NWCC,3,3,1,0,1
Dozer 2,NWCC,3,4,1,0,1
Dozer 2,NWCC,3,5,1,0,1
Dozer 2,NWCC,4,1,1,0,1
Dozer 2,NWCC,4,2,1,0,1
Dozer 2,NWCC,4,3,1,0,1
Dozer 2,NWCC,4,4,1,0,1
Dozer 2,NWCC,4,5,1,0,1
Dozer 2,NWCC,5,1,1,0,1
Dozer 2,NWCC,5,2,1,0,1
Dozer 2,NWCC,5,3,1,0,1
Dozer 2,NWCC,5,4,1,0,1
Dozer 2,NWCC,5,5,1,0,1
Dozer 2,ONCC,1,1,12,1,13
Dozer 2,ONCC,1,2,13,0,13
Dozer 2,ONCC,1,3,13,0,13
Dozer 2,ONCC,1,4,13,0,13
Dozer 2,ONCC,1,5,13,0,13
Dozer 2,ONCC,2,1,12,1,13
Dozer 2,ONCC,2,2,13,0,13
Dozer 2,ONCC,2,3,9,4,13
Dozer 2,ONCC,2,4,13,0,13
Dozer 2,ONCC,2,5,13,0,13
Dozer 2,ONCC,3,1,13,0,13
Dozer 2,ONCC,3,2,13,0,13
Dozer 2,ONCC,3,3,11,2,13
Dozer 2,ONCC,3,4,12,1,13
Dozer 2,ONCC,3,5,13,0,13
Dozer 2,ONCC,4,1,13,0,13
Dozer 2,ONCC,4,2,13,0,13
Dozer 2,ONCC,4,3,12,1,13
Dozer 2,ONCC,4,4,12,1,13
Dozer 2,ONCC,4,5,13,0,13
Dozer 2,ONCC,5,1,13,0,13
Dozer 2,ONCC,5,2,13,0,13
Dozer 2,ONCC,5,3,13,0,13
Dozer 2,ONCC,5,4,12,1,13
Dozer 2,ONCC,5,5,12,1,13
Dozer 2,OSCC,1,1,9,0,9
Dozer 2,OSCC,1,2,9,0,9
Dozer 2,OSCC,1,3,9,0,9
Dozer 2,OSCC,1,4,9,0,9
Dozer 2,OSCC,1,5,9,0,9
Dozer 2,OSCC,2,1,9,0,9
Dozer 2,OSCC,2,2,9,0,9
Dozer 2,OSCC,2,3,7,2,9
Dozer 2,OSCC,2,4,9,0,9
Dozer 2,OSCC,2,5,9,0,9
Dozer 2,OSCC,3,1,9,0,9
Dozer 2,OSCC,3,2,9,0,9
Dozer 2,OSCC,3,3,7,2,9
Dozer 2,OSCC,3,4,8,1,9
Dozer 2,OSCC,3,5,9,0,9
Dozer 2,OSCC,4,1,9,0,9
Dozer 2,OSCC,4,2,9,0,9
Dozer 2,OSCC,4,3,9,0,9
Dozer 2,OSCC,4,4,9,0,9
Dozer 2,OSCC,4,5,9,0,9
Dozer 2,OSCC,5,1,9,0,9
Dozer 2,OSCC,5,2,9,0,9
Dozer 2,OSCC,5,3,9,0,9
Dozer 2,OSCC,5,4,9,0,9
Dozer 2,OSCC,5,5,9,0,9
Dozer 2,NRCC,1,1,0,0,0
Dozer 2,NRCC,1,2,0,0,0
Dozer 2,NRCC,1,3,0,0,0
Dozer 2,NRCC,1,4,0,0,0
Dozer 2,NRCC,1,5,0,0,0
Dozer 2,NRCC,2,1,0,0,0
Dozer 2,NRCC,2,2,0,0,0
Dozer 2,NRCC,2,3,0,0,0
Dozer 2,NRCC,2,4,0,0,0
Dozer 2,NRCC,2,5,0,0,0
Dozer 2,NRCC,3,1,0,0,0
Dozer 2,NRCC,3,2,0,0,0
Dozer 2,NRCC,3,3,0,0,0
Dozer 2,NRCC,3,4,0,0,0
Dozer 2,NRCC,3,5,0,0,0
Dozer 2,NRCC,4,1,0,0,0
Dozer 2,NRCC,4,2,0,0,0
Dozer 2,NRCC,4,3,0,0,0
Dozer 2,NRCC,4,4,0,0,0
Dozer 2,NRCC,4,5,0,0,0
Dozer 2,NRCC,5,1,0,0,0
Dozer 2,NRCC,5,2,0,0,0
Dozer 2,NRCC,5,3,0,0,0
Dozer 2,NRCC,5,4,0,0,0
Dozer 2,NRCC,5,5,0,0,0
Dozer 2,GBCC,1,1,0,0,0
Dozer 2,GBCC,1,2,0,0,0
Dozer 2,GBCC,1,3,0,0,0
Dozer 2,GBCC,1,4,0,0,0
Dozer 2,GBCC,1,5,0,0,0
Dozer 2,GBCC,2,1,0,0,0
Dozer 2,GBCC,2,2,0,0,0
Dozer 2,GBCC,2,3,0,0,0
Dozer 2,GBCC,2,4,0,0,0
Dozer 2,GBCC,2,5,0,0,0
Dozer 2,GBCC,3,1,0,0,0
Dozer 2,GBCC,3,2,0,0,0
Dozer 2,GBCC,3,3,0,0,0
Dozer 2,GBCC,3,4,0,0,0
Dozer 2,GBCC,3,5,0,0,0
Dozer 2,GBCC,4,1,0,0,0
Dozer 2,GBCC,4,2,0,0,0
Dozer 2,GBCC,4,3,0,0,0
Dozer 2,GBCC,4,4,0,0,0
Dozer 2,GBCC,4,5,0,0,0
Dozer 2,GBCC,5,1,0,0,0
Dozer 2,GBCC,5,2,0,0,0
Dozer 2,GBCC,5,3,0,0,0
Dozer 2,GBCC,5,4,0,0,0
Dozer 2,GBCC,5,5,0,0,0
Dozer 2,SWCC,1,1,9,0,9
Dozer 2,SWCC,1,2,9,0,9
Dozer 2,SWCC,1,3,9,0,9
Dozer 2,SWCC,1,4,9,0,9
Dozer 2,SWCC,1,5,9,0,9
Dozer 2,SWCC,2,1,9,0,9
Dozer 2,SWCC,2,2,9,0,9
Dozer 2,SWCC,2,3,7,2,9
Dozer 2,SWCC,2,4,7,2,9
Dozer 2,SWCC,2,5,8,1,9
Dozer 2,SWCC,3,1,9,0,9
Dozer 2,SWCC,3,2,9,0,9
Dozer 2,SWCC,3,3,9,0,9
Dozer 2,SWCC,3,4,8,1,9
Dozer 2,SWCC,3,5,8,1,9
Dozer 2,SWCC,4,1,9,0,9
Dozer 2,SWCC,4,2,9,0,9
Dozer 2,SWCC,4,3,9,0,9
Dozer 2,SWCC,4,4,9,0,9
Dozer 2,SWCC,4,5,9,0,9
Dozer 2,SWCC,5,1,9,0,9
Dozer 2,SWCC,5,2,9,0,9
Dozer 2,SWCC,5,3,9,0,9
Dozer 2,SWCC,5,4,9,0,9
Dozer 2,SWCC,5,5,9,0,9
Dozer 2,RMCC,1,1,5,0,5
Dozer 2,RMCC,1,2,5,0,5
Dozer 2,RMCC,1,3,5,0,5
Dozer 2,RMCC,1,4,5,0,5
Dozer 2,RMCC,1,5,5,0,5
Dozer 2,RMCC,2,1,5,0,5
Dozer 2,RMCC,2,2,5,0,5
Dozer 2,RMCC,2,3,5,0,5
Dozer 2,RMCC,2,4,5,0,5
Dozer 2,RMCC,2,5,5,0,5
Dozer 2,RMCC,3,1,5,0,5
Dozer 2,RMCC,3,2,5,0,5
Dozer 2,RMCC,3,3,5,0,5
Dozer 2,RMCC,3,4,5,0,5
Dozer 2,RMCC,3,5,5,0,5
Dozer 2,RMCC,4,1,5,0,5
Dozer 2,RMCC,4,2,5,0,5
Dozer 2,RMCC,4,3,5,0,5
Dozer 2,RMCC,4,4,5,0,5
Dozer 2,RMCC,4,5,5,0,5
Dozer 2,RMCC,5,1,5,0,5
Dozer 2,RMCC,5,2,5,0,5
Dozer 2,RMCC,5,3,5,0,5
Dozer 2,RMCC,5,4,5,0,5
Dozer 2,RMCC,5,5,5,0,5
Dozer 2,EACC,1,1,0,0,0
Dozer 2,EACC,1,2,0,0,0
Dozer 2,EACC,1,3,0,0,0
Dozer 2,EACC,1,4,0,0,0
Dozer 2,EACC,1,5,0,0,0
Dozer 2,EACC,2,1,0,0,0
Dozer 2,EACC,2,2,0,0,0
Dozer 2,EACC,2,3,0,0,0
Dozer 2,EACC,2,4,0,0,0
Dozer 2,EACC,2,5,0,0,0
Dozer 2,EACC,3,1,0,0,0
Dozer 2,EACC,3,2,0,0,0
Dozer 2,EACC,3,3,0,0,0
Dozer 2,EACC,3,4,0,0,0
Dozer 2,EACC,3,5,0,0,0
Dozer 2,EACC,4,1,0,0,0
Dozer 2,EACC,4,2,0,0,0
Dozer 2,EACC,4,3,0,0,0
Dozer 2,EACC,4,4,0,0,0
Dozer 2,EACC,4,5,0,0,0
Dozer 2,EACC,5,1,0,0,0
Dozer 2,EACC,5,2,0,0,0
Dozer 2,EACC,5,3,0,0,0
Dozer 2,EACC,5,4,0,0,0
Dozer 2,EACC,5,5,0,0,0
Dozer 2,SACC,1,1,1,0,1
Dozer 2,SACC,1,2,1,0,1
Dozer 2,SACC,1,3,1,0,1
Dozer 2,SACC,1,4,1,0,1
Dozer 2,SACC,1,5,1,0,1
Dozer 2,SACC,2,1,1,0,1
Dozer 2,SACC,2,2,1,0,1
Dozer 2,SACC,2,3,1,0,1
Dozer 2,SACC,2,4,1,0,1
Dozer 2,SACC,2,5,1,0,1
Dozer 2,SACC,3,1,1,0,1
Dozer 2,SACC,3,2,1,0,1
Dozer 2,SACC,3,3,1,0,1
Dozer 2,SACC,3,4,1,0,1
Dozer 2,SACC,3,5,1,0,1
Dozer 2,SACC,4,1,1,0,1
Dozer 2,SACC,4,2,1,0,1
Dozer 2,SACC,4,3,1,0,1
Dozer 2,SACC,4,4,1,0,1
Dozer 2,SACC,4,5,1,0,1
Dozer 2,SACC,5,1,1,0,1
Dozer 2,SACC,5,2,1,0,1
Dozer 2,SACC,5,3,1,0,1
Dozer 2,SACC,5,4,1,0,1
Dozer 2,SACC,5,5,1,0,1
Dozer 3,AICC,1,1,0,0,0
Dozer 3,AICC,1,2,0,0,0
Dozer 3,AICC,1,3,0,0,0
Dozer 3,AICC,1,4,0,0,0
Dozer 3,AICC,1,5,0,0,0
Dozer 3,AICC,2,1,0,0,0
Dozer 3,AICC,2,2,0,0,0
Dozer 3,AICC,2,3,0,0,0
Dozer 3,AICC,2,4,0,0,0
Dozer 3,AICC,2,5,0,0,0
Dozer 3,AICC,3,1,0,0,0
Dozer 3,AICC,3,2,0,0,0
Dozer 3,AICC,3,3,0,0,0
Dozer 3,AICC,3,4,0,0,0
Dozer 3,AICC,3,5,0,0,0
Dozer 3,AICC,4,1,0,0,0
Dozer 3,AICC,4,2,0,0,0
Dozer 3,AICC,4,3,0,0,0
Dozer 3,AICC,4,4,0,0,0
Dozer 3,AICC,4,5,0,0,0
Dozer 3,AICC,5,1,0,0,0
Dozer 3,AICC,5,2,0,0,0
Dozer 3,AICC,5,3,0,0,0
Dozer 3,AICC,5,4,0,0,0
Dozer 3,AICC,5,5,0,0,0
Dozer 3,NWCC,1,1,0,0,0
Dozer 3,NWCC,1,2,0,0,0
Dozer 3,NWCC,1,3,0,0,0
Dozer 3,NWCC,1,4,0,0,0
Dozer 3,NWCC,1,5,0,0,0
Dozer 3,NWCC,2,1,0,0,0
Dozer 3,NWCC,2,2,0,0,0
Dozer 3,NWCC,2,3,0,0,0
Dozer 3,NWCC,2,4,0,0,0
Dozer 3,NWCC,2,5,0,0,0
Dozer 3,NWCC,3,1,0,0,0
Dozer 3,NWCC,3,2,0,0,0
Dozer 3,NWCC,3,3,0,0,0
Dozer 3,NWCC,3,4,0,0,0
Dozer 3,NWCC,3,5,0,0,0
Dozer 3,NWCC,4,1,0,0,0
Dozer 3,NWCC,4,2,0,0,0
Dozer 3,NWCC,4,3,0,0,0
Dozer 3,NWCC,4,4,0,0,0
Dozer 3,NWCC,4,5,0,0,0
Dozer 3,NWCC,5,1,0,0,0
Dozer 3,NWCC,5,2,0,0,0
Dozer 3,NWCC,5,3,0,0,0
Dozer 3,NWCC,5,4,0,0,0
Dozer 3,NWCC,5,5,0,0,0
Dozer 3,ONCC,1,1,0,0,0
Dozer 3,ONCC,1,2,0,0,0
Dozer 3,ONCC,1,3,0,0,0
Dozer 3,ONCC,1,4,0,0,0
Dozer 3,ONCC,1,5,0,0,0
Dozer 3,ONCC,2,1,0,0,0
Dozer 3,ONCC,2,2,0,0,0
Dozer 3,ONCC,2,3,0,0,0
Dozer 3,ONCC,2,4,0,0,0
Dozer 3,ONCC,2,5,0,0,0
Dozer 3,ONCC,3,1,0,0,0
Dozer 3,ONCC,3,2,0,0,0
Dozer 3,ONCC,3,3,0,0,0
Dozer 3,ONCC,3,4,0,0,0
Dozer 3,ONCC,3,5,0,0,0
Dozer 3,ONCC,4,1,0,0,0
Dozer 3,ONCC,4,2,0,0,0
Dozer 3,ONCC,4,3,0,0,0
Dozer 3,ONCC,4,4,0,0,0
Dozer 3,ONCC,4,5,0,0,0
Dozer 3,ONCC,5,1,0,0,0
Dozer 3,ONCC,5,2,0,0,0
Dozer 3,ONCC,5,3,0,0,0
Dozer 3,ONCC,5,4,0,0,0
Dozer 3,ONCC,5,5,0,0,0
Dozer 3,OSCC,1,1,0,0,0
Dozer 3,OSCC,1,2,0,0,0
Dozer 3,OSCC,1,3,0,0,0
Dozer 3,OSCC,1,4,0,0,0
Dozer 3,OSCC,1,5,0,0,0
Dozer 3,OSCC,2,1,0,0,0
Dozer 3,OSCC,2,2,0,0,0
Dozer 3,OSCC,2,3,0,0,0
Dozer 3,OSCC,2,4,0,0,0
Dozer 3,OSCC,2,5,0,0,0
Dozer 3,OSCC,3,1,0,0,0
Dozer 3,OSCC,3,2,0,0,0
Dozer 3,OSCC,3,3,0,0,0
Dozer 3,OSCC,3,4,0,0,0
Dozer 3,OSCC,3,5,0,0,0
Dozer 3,OSCC,4,1,0,0,0
Dozer 3,OSCC,4,2,0,0,0
Dozer 3,OSCC,4,3,0,0,0
Dozer 3,OSCC,4,4,0,0,0
Dozer 3,OSCC,4,5,0,0,0
Dozer 3,OSCC,5,1,0,0,0
Dozer 3,OSCC,5,2,0,0,0
Dozer 3,OSCC,5,3,0,0,0
Dozer 3,OSCC,5,4,0,0,0
Dozer 3,OSCC,5,5,0,0,0
Dozer 3,NRCC,1,1,0,0,0
Dozer 3,NRCC,1,2,0,0,0
Dozer 3,NRCC,1,3,0,0,0
Dozer 3,NRCC,1,4,0,0,0
Dozer 3,NRCC,1,5,0,0,0
Dozer 3,NRCC,2,1,0,0,0
Dozer 3,NRCC,2,2,0,0,0
Dozer 3,NRCC,2,3,0,0,0
Dozer 3,NRCC,2,4,0,0,0
Dozer 3,NRCC,2,5,0,0,0
Dozer 3,NRCC,3,1,0,0,0
Dozer 3,NRCC,3,2,0,0,0
Dozer 3,NRCC,3,3,0,0,0
Dozer 3,NRCC,3,4,0,0,0
Dozer 3,NRCC,3,5,0,0,0
Dozer 3,NRCC,4,1,0,0,0
Dozer 3,NRCC,4,2,0,0,0
Dozer 3,NRCC,4,3,0,0,0
Dozer 3,NRCC,4,4,0,0,0
Dozer 3,NRCC,4,5,0,0,0
Dozer 3,NRCC,5,1,0,0,0
Dozer 3,NRCC,5,2,0,0,0
Dozer 3,NRCC,5,3,0,0,0
Dozer 3,NRCC,5,4,0,0,0
Dozer 3,NRCC,5,5,0,0,0
Dozer 3,GBCC,1,1,0,0,0
Dozer 3,GBCC,1,2,0,0,0
Dozer 3,GBCC,1,3,0,0,0
Dozer 3,GBCC,1,4,0,0,0
Dozer 3,GBCC,1,5,0,0,0
Dozer 3,GBCC,2,1,0,0,0
Dozer 3,GBCC,2,2,0,0,0
Dozer 3,GBCC,2,3,0,0,0
Dozer 3,GBCC,2,4,0,0,0
Dozer 3,GBCC,2,5,0,0,0
Dozer 3,GBCC,3,1,0,0,0
Dozer 3,GBCC,3,2,0,0,0
Dozer 3,GBCC,3,3,0,0,0
Dozer 3,GBCC,3,4,0,0,0
Dozer 3,GBCC,3,5,0,0,0
Dozer 3,GBCC,4,1,0,0,0
Dozer 3,GBCC,4,2,0,0,0
Dozer 3,GBCC,4,3,0,0,0
Dozer 3,GBCC,4,4,0,0,0
Dozer 3,GBCC,4,5,0,0,0
Dozer 3,GBCC,5,1,0,0,0
Dozer 3,GBCC,5,2,0,0,0
Dozer 3,GBCC,5,3,0,0,0
Dozer 3,GBCC,5,4,0,0,0
Dozer 3,GBCC,5,5,0,0,0
Dozer 3,SWCC,1,1,1,0,1
Dozer 3,SWCC,1,2,1,0,1
Dozer 3,SWCC,1,3,1,0,1
Dozer 3,SWCC,1,4,1,0,1
Dozer 3,SWCC,1,5,1,0,1
Dozer 3,SWCC,2,1,1,0,1
Dozer 3,SWCC,2,2,1,0,1
Dozer 3,SWCC,2,3,1,0,1
Dozer 3,SWCC,2,4,1,0,1
Dozer 3,SWCC,2,5,1,0,1
Dozer 3,SWCC,3,1,1,0,1
Dozer 3,SWCC,3,2,1,0,1
Dozer 3,SWCC,3,3,1,0,1
Dozer 3,SWCC,3,4,1,0,1
Dozer 3,SWCC,3,5,1,0,1
Dozer 3,SWCC,4,1,1,0,1
Dozer 3,SWCC,4,2,1,0,1
Dozer 3,SWCC,4,3,1,0,1
Dozer 3,SWCC,4,4,1,0,1
Dozer 3,SWCC,4,5,1,0,1
Dozer 3,SWCC,5,1,1,0,1
Dozer 3,SWCC,5,2,1,0,1
Dozer 3,SWCC,5,3,1,0,1
Dozer 3,SWCC,5,4,1,0,1
Dozer 3,SWCC,5,5,1,0,1
Dozer 3,RMCC,1,1,3,0,3
Dozer 3,RMCC,1,2,3,0,3
Dozer 3,RMCC,1,3,3,0,3
Dozer 3,RMCC,1,4,3,0,3
Dozer 3,RMCC,1,5,3,0,3
Dozer 3,RMCC,2,1,3,0,3
Dozer 3,RMCC,2,2,3,0,3
Dozer 3,RMCC,2,3,3,0,3
Dozer 3,RMCC,2,4,3,0,3
Dozer 3,RMCC,2,5,3,0,3
Dozer 3,RMCC,3,1,3,0,3
Dozer 3,RMCC,3,2,3,0,3
Dozer 3,RMCC,3,3,3,0,3
Dozer 3,RMCC,3,4,3,0,3
Dozer 3,RMCC,3,5,3,0,3
Dozer 3,RMCC,4,1,3,0,3
Dozer 3,RMCC,4,2,3,0,3
Dozer 3,RMCC,4,3,3,0,3
Dozer 3,RMCC,4,4,3,0,3
Dozer 3,RMCC,4,5,3,0,3
Dozer 3,RMCC,5,1,3,0,3
Dozer 3,RMCC,5,2,3,0,3
Dozer 3,RMCC,5,3,3,0,3
Dozer 3,RMCC,5,4,3,0,3
Dozer 3,RMCC,5,5,3,0,3
Dozer 3,EACC,1,1,6,0,6
Dozer 3,EACC,1,2,6,0,6
Dozer 3,EACC,1,3,5,1,6
Dozer 3,EACC,1,4,6,0,6
Dozer 3,EACC,1,5,6,0,6
Dozer 3,EACC,2,1,6,0,6
Dozer 3,EACC,2,2,6,0,6
Dozer 3,EACC,2,3,6,0,6
Dozer 3,EACC,2,4,6,0,6
Dozer 3,EACC,2,5,6,0,6
Dozer 3,EACC,3,1,6,0,6
Dozer 3,EACC,3,2,6,0,6
Dozer 3,EACC,3,3,6,0,6
Dozer 3,EACC,3,4,6,0,6
Dozer 3,EACC,3,5,6,0,6
Dozer 3,EACC,4,1,6,0,6
Dozer 3,EACC,4,2,6,0,6
Dozer 3,EACC,4,3,6,0,6
Dozer 3,EACC,4,4,6,0,6
Dozer 3,EACC,4,5,6,0,6
Dozer 3,EACC,5,1,6,0,6
Dozer 3,EACC,5,2,6,0,6
Dozer 3,EACC,5,3,6,0,6
Dozer 3,EACC,5,4,6,0,6
Dozer 3,EACC,5,5,6,0,6
Dozer 3,SACC,1,1,2,0,2
Dozer 3,SACC,1,2,2,0,2
Dozer 3,SACC,1,3,2,0,2
Dozer 3,SACC,1,4,2,0,2
Dozer 3,SACC,1,5,2,0,2
Dozer 3,SACC,2,1,2,0,2
Dozer 3,SACC,2,2,2,0,2
Dozer 3,SACC,2,3,2,0,2
Dozer 3,SACC,2,4,2,0,2
Dozer 3,SACC,2,5,2,0,2
Dozer 3,SACC,3,1,2,0,2
Dozer 3,SACC,3,2,2,0,2
Dozer 3,SACC,3,3,2,0,2
Dozer 3,SACC,3,4,2,0,2
Dozer 3,SACC,3,5,2,0,2
Dozer 3,SACC,4,1,2,0,2
Dozer 3,SACC,4,2,2,0,2
Dozer 3,SACC,4,3,2,0,2
Dozer 3,SACC,4,4,2,0,2
Dozer 3,SACC,4,5,2,0,2
Dozer 3,SACC,5,1,2,0,2
Dozer 3,SACC,5,2,2,0,2
Dozer 3,SACC,5,3,2,0,2
Dozer 3,SACC,5,4,2,0,2
Dozer 3,SACC,5,5,2,0,2
Dozer 4,AICC,1,1,0,0,0
Dozer 4,AICC,1,2,0,0,0
Dozer 4,AICC,1,3,0,0,0
Dozer 4,AICC,1,4,0,0,0
Dozer 4,AICC,1,5,0,0,0
Dozer 4,AICC,2,1,0,0,0
Dozer 4,AICC,2,2,0,0,0
Dozer 4,AICC,2,3,0,0,0
Dozer 4,AICC,2,4,0,0,0
Dozer 4,AICC,2,5,0,0,0
Dozer 4,AICC,3,1,0,0,0
Dozer 4,AICC,3,2,0,0,0
Dozer 4,AICC,3,3,0,0,0
Dozer 4,AICC,3,4,0,0,0
Dozer 4,AICC,3,5,0,0,0
Dozer 4,AICC,4,1,0,0,0
Dozer 4,AICC,4,2,0,0,0
Dozer 4,AICC,4,3,0,0,0
Dozer 4,AICC,4,4,0,0,0
Dozer 4,AICC,4,5,0,0,0
Dozer 4,AICC,5,1,0,0,0
Dozer 4,AICC,5,2,0,0,0
Dozer 4,AICC,5,3,0,0,0
Dozer 4,AICC,5,4,0,0,0
Dozer 4,AICC,5,5,0,0,0
Dozer 4,NWCC,1,1,0,0,0
Dozer 4,NWCC,1,2,0,0,0
Dozer 4,NWCC,1,3,0,0,0
Dozer 4,NWCC,1,4,0,0,0
Dozer 4,NWCC,1,5,0,0,0
Dozer 4,NWCC,2,1,0,0,0
Dozer 4,NWCC,2,2,0,0,0
Dozer 4,NWCC,2,3,0,0,0
Dozer 4,NWCC,2,4,0,0,0
Dozer 4,NWCC,2,5,0,0,0
Dozer 4,NWCC,3,1,0,0,0
Dozer 4,NWCC,3,2,0,0,0
Dozer 4,NWCC,3,3,0,0,0
Dozer 4,NWCC,3,4,0,0,0
Dozer 4,NWCC,3,5,0,0,0
Dozer 4,NWCC,4,1,0,0,0
Dozer 4,NWCC,4,2,0,0,0
Dozer 4,NWCC,4,3,0,0,0
Dozer 4,NWCC,4,4,0,0,0
Dozer 4,NWCC,4,5,0,0,0
Dozer 4,NWCC,5,1,0,0,0
Dozer 4,NWCC,5,2,0,0,0
Dozer 4,NWCC,5,3,0,0,0
Dozer 4,NWCC,5,4,0,0,0
Dozer 4,NWCC,5,5,0,0,0
Dozer 4,ONCC,1,1,0,0,0
Dozer 4,ONCC,1,2,0,0,0
Dozer 4,ONCC,1,3,0,0,0
Dozer 4,ONCC,1,4,0,0,0
Dozer 4,ONCC,1,5,0,0,0
Dozer 4,ONCC,2,1,0,0,0
Dozer 4,ONCC,2,2,0,0,0
Dozer 4,ONCC,2,3,0,0,0
Dozer 4,ONCC,2,4,0,0,0
Dozer 4,ONCC,2,5,0,0,0
Dozer 4,ONCC,3,1,0,0,0
Dozer 4,ONCC,3,2,0,0,0
Dozer 4,ONCC,3,3,0,0,0
Dozer 4,ONCC,3,4,0,0,0
Dozer 4,ONCC,3,5,0,0,0
Dozer 4,ONCC,4,1,0,0,0
Dozer 4,ONCC,4,2,0,0,0
Dozer 4,ONCC,4,3,0,0,0
Dozer 4,ONCC,4,4,0,0,0
Dozer 4,ONCC,4,5,0,0,0
Dozer 4,ONCC,5,1,0,0,0
Dozer 4,ONCC,5,2,0,0,0
Dozer 4,ONCC,5,3,0,0,0
Dozer 4,ONCC,5,4,0,0,0
Dozer 4,ONCC,5,5,0,0,0
Dozer 4,OSCC,1,1,0,0,0
Dozer 4,OSCC,1,2,0,0,0
Dozer 4,OSCC,1,3,0,0,0
Dozer 4,OSCC,1,4,0,0,0
Dozer 4,OSCC,1,5,0,0,0
Dozer 4,OSCC,2,1,0,0,0
Dozer 4,OSCC,2,2,0,0,0
Dozer 4,OSCC,2,3,0,0,0
Dozer 4,OSCC,2,4,0,0,0
Dozer 4,OSCC,2,5,0,0,0
Dozer 4,OSCC,3,1,0,0,0
Dozer 4,OSCC,3,2,0,0,0
Dozer 4,OSCC,3,3,0,0,0
Dozer 4,OSCC,3,4,0,0,0
Dozer 4,OSCC,3,5,0,0,0
Dozer 4,OSCC,4,1,0,0,0
Dozer 4,OSCC,4,2,0,0,0
Dozer 4,OSCC,4,3,0,0,0
Dozer 4,OSCC,4,4,0,0,0
Dozer 4,OSCC,4,5,0,0,0
Dozer 4,OSCC,5,1,0,0,0
Dozer 4,OSCC,5,2,0,0,0
Dozer 4,OSCC,5,3,0,0,0
Dozer 4,OSCC,5,4,0,0,0
Dozer 4,OSCC,5,5,0,0,0
Dozer 4,NRCC,1,1,0,0,0
Dozer 4,NRCC,1,2,0,0,0
Dozer 4,NRCC,1,3,0,0,0
Dozer 4,NRCC,1,4,0,0,0
Dozer 4,NRCC,1,5,0,0,0
Dozer 4,NRCC,2,1,0,0,0
Dozer 4,NRCC,2,2,0,0,0
Dozer 4,NRCC,2,3,0,0,0
Dozer 4,NRCC,2,4,0,0,0
Dozer 4,NRCC,2,5,0,0,0
Dozer 4,NRCC,3,1,0,0,0
Dozer 4,NRCC,3,2,0,0,0
Dozer 4,NRCC,3,3,0,0,0
Dozer 4,NRCC,3,4,0,0,0
Dozer 4,NRCC,3,5,0,0,0
Dozer 4,NRCC,4,1,0,0,0
Dozer 4,NRCC,4,2,0,0,0
Dozer 4,NRCC,4,3,0,0,0
Dozer 4,NRCC,4,4,0,0,0
Dozer 4,NRCC,4,5,0,0,0
Dozer 4,NRCC,5,1,0,0,0
Dozer 4,NRCC,5,2,0,0,0
Dozer 4,NRCC,5,3,0,0,0
Dozer 4,NRCC,5,4,0,0,0
Dozer 4,NRCC,5,5,0,0,0
Dozer 4,GBCC,1,1,0,0,0
Dozer 4,GBCC,1,2,0,0,0
Dozer 4,GBCC,1,3,0,0,0
Dozer 4,GBCC,1,4,0,0,0
Dozer 4,GBCC,1,5,0,0,0
Dozer 4,GBCC,2,1,0,0,0
Dozer 4,GBCC,2,2,0,0,0
Dozer 4,GBCC,2,3,0,0,0
Dozer 4,GBCC,2,4,0,0,0
Dozer 4,GBCC,2,5,0,0,0
Dozer 4,GBCC,3,1,0,0,0
Dozer 4,GBCC,3,2,0,0,0
Dozer 4,GBCC,3,3,0,0,0
Dozer 4,GBCC,3,4,0,0,0
Dozer 4,GBCC,3,5,0,0,0
Dozer 4,GBCC,4,1,0,0,0
Dozer 4,GBCC,4,2,0,0,0
Dozer 4,GBCC,4,3,0,0,0
Dozer 4,GBCC,4,4,0,0,0
Dozer 4,GBCC,4,5,0,0,0
Dozer 4,GBCC,5,1,0,0,0
Dozer 4,GBCC,5,2,0,0,0
Dozer 4,GBCC,5,3,0,0,0
Dozer 4,GBCC,5,4,0,0,0
Dozer 4,GBCC,5,5,0,0,0
Dozer 4,SWCC,1,1,0,0,0
Dozer 4,SWCC,1,2,0,0,0
Dozer 4,SWCC,1,3,0,0,0
Dozer 4,SWCC,1,4,0,0,0
Dozer 4,SWCC,1,5,0,0,0
Dozer 4,SWCC,2,1,0,0,0
Dozer 4,SWCC,2,2,0,0,0
Dozer 4,SWCC,2,3,0,0,0
Dozer 4,SWCC,2,4,0,0,0
Dozer 4,SWCC,2,5,0,0,0
Dozer 4,SWCC,3,1,0,0,0
Dozer 4,SWCC,3,2,0,0,0
Dozer 4,SWCC,3,3,0,0,0
Dozer 4,SWCC,3,4,0,0,0
Dozer 4,SWCC,3,5,0,0,0
Dozer 4,SWCC,4,1,0,0,0
Dozer 4,SWCC,4,2,0,0,0
Dozer 4,SWCC,4,3,0,0,0
Dozer 4,SWCC,4,4,0,0,0
Dozer 4,SWCC,4,5,0,0,0
Dozer 4,SWCC,5,1,0,0,0
Dozer 4,SWCC,5,2,0,0,0
Dozer 4,SWCC,5,3,0,0,0
Dozer 4,SWCC,5,4,0,0,0
Dozer 4,SWCC,5,5,0,0,0
Dozer 4,RMCC,1,1,0,0,0
Dozer 4,RMCC,1,2,0,0,0
Dozer 4,RMCC,1,3,0,0,0
Dozer 4,RMCC,1,4,0,0,0
Dozer 4,RMCC,1,5,0,0,0
Dozer 4,RMCC,2,1,0,0,0
Dozer 4,RMCC,2,2,0,0,0
Dozer 4,RMCC,2,3,0,0,0
Dozer 4,RMCC,2,4,0,0,0
Dozer 4,RMCC,2,5,0,0,0
Dozer 4,RMCC,3,1,0,0,0
Dozer 4,RMCC,3,2,0,0,0
Dozer 4,RMCC,3,3,0,0,0
Dozer 4,RMCC,3,4,0,0,0
Dozer 4,RMCC,3,5,0,0,0
Dozer 4,RMCC,4,1,0,0,0
Dozer 4,RMCC,4,2,0,0,0
Dozer 4,RMCC,4,3,0,0,0
Dozer 4,RMCC,4,4,0,0,0
Dozer 4,RMCC,4,5,0,0,0
Dozer 4,RMCC,5,1,0,0,0
Dozer 4,RMCC,5,2,0,0,0
Dozer 4,RMCC,5,3,0,0,0
Dozer 4,RMCC,5,4,0,0,0
Dozer 4,RMCC,5,5,0,0,0
Dozer 4,EACC,1,1,0,0,0
Dozer 4,EACC,1,2,0,0,0
Dozer 4,EACC,1,3,0,0,0
Dozer 4,EACC,1,4,0,0,0
Dozer 4,EACC,1,5,0,0,0
Dozer 4,EACC,2,1,0,0,0
Dozer 4,EACC,2,2,0,0,0
Dozer 4,EACC,2,3,0,0,0
Dozer 4,EACC,2,4,0,0,0
Dozer 4,EACC,2,5,0,0,0
Dozer 4,EACC,3,1,0,0,0
Dozer 4,EACC,3,2,0,0,0
Dozer 4,EACC,3,3,0,0,0
Dozer 4,EACC,3,4,0,0,0
Dozer 4,EACC,3,5,0,0,0
Dozer 4,EACC,4,1,0,0,0
Dozer 4,EACC,4,2,0,0,0
Dozer 4,EACC,4,3,0,0,0
Dozer 4,EACC,4,4,0,0,0
Dozer 4,EACC,4,5,0,0,0
Dozer 4,EACC,5,1,0,0,0
Dozer 4,EACC,5,2,0,0,0
Dozer 4,EACC,5,3,0,0,0
Dozer 4,EACC,5,4,0,0,0
Dozer 4,EACC,5,5,0,0,0
Dozer 4,SACC,1,1,0,0,0
Dozer 4,SACC,1,2,0,0,0
Dozer 4,SACC,1,3,0,0,0
Dozer 4,SACC,1,4,0,0,0
Dozer 4,SACC,1,5,0,0,0
Dozer 4,SACC,2,1,0,0,0
Dozer 4,SACC,2,2,0,0,0
Dozer 4,SACC,2,3,0,0,0
Dozer 4,SACC,2,4,0,0,0
Dozer 4,SACC,2,5,0,0,0
Dozer 4,SACC,3,1,0,0,0
Dozer 4,SACC,3,2,0,0,0
Dozer 4,SACC,3,3,0,0,0
Dozer 4,SACC,3,4,0,0,0
Dozer 4,SACC,3,5,0,0,0
Dozer 4,SACC,4,1,0,0,0
Dozer 4,SACC,4,2,0,0,0
Dozer 4,SACC,4,3,0,0,0
Dozer 4,SACC,4,4,0,0,0
Dozer 4,SACC,4,5,0,0,0
Dozer 4,SACC,5,1,0,0,0
Dozer 4,SACC,5,2,0,0,0
Dozer 4,SACC,5,3,0,0,0
Dozer 4,SACC,5,4,0,0,0
Dozer 4,SACC,5,5,0,0,0
Module 1,AICC,1,1,0,0,0
Module 1,AICC,1,2,0,0,0
Module 1,AICC,1,3,0,0,0
Module 1,AICC,1,4,0,0,0
Module 1,AICC,1,5,0,0,0
Module 1,AICC,2,1,0,0,0
Module 1,AICC,2,2,0,0,0
Module 1,AICC,2,3,0,0,0
Module 1,AICC,2,4,0,0,0
Module 1,AICC,2,5,0,0,0
Module 1,AICC,3,1,0,0,0
Module 1,AICC,3,2,0,0,0
Module 1,AICC,3,3,0,0,0
Module 1,AICC,3,4,0,0,0
Module 1,AICC,3,5,0,0,0
Module 1,AICC,4,1,0,0,0
Module 1,AICC,4,2,0,0,0
Module 1,AICC,4,3,0,0,0
Module 1,AICC,4,4,0,0,0
Module 1,AICC,4,5,0,0,0
Module 1,AICC,5,1,0,0,0
Module 1,AICC,5,2,0,0,0
Module 1,AICC,5,3,0,0,0
Module 1,AICC,5,4,0,0,0
Module 1,AICC,5,5,0,0,0
Module 1,NWCC,1,1,0,0,0
Module 1,NWCC,1,2,0,0,0
Module 1,NWCC,1,3,0,0,0
Module 1,NWCC,1,4,0,0,0
Module 1,NWCC,1,5,0,0,0
Module 1,NWCC,2,1,0,0,0
Module 1,NWCC,2,2,0,0,0
Module 1,NWCC,2,3,0,0,0
Module 1,NWCC,2,4,0,0,0
Module 1,NWCC,2,5,0,0,0
Module 1,NWCC,3,1,0,0,0
Module 1,NWCC,3,2,0,0,0
Module 1,NWCC,3,3,0,0,0
Module 1,NWCC,3,4,0,0,0
Module 1,NWCC,3,5,0,0,0
Module 1,NWCC,4,1,0,0,0
Module 1,NWCC,4,2,0,0,0
Module 1,NWCC,4,3,0,0,0
Module 1,NWCC,4,4,0,0,0
Module 1,NWCC,4,5,0,0,0
Module 1,NWCC,5,1,0,0,0
Module 1,NWCC,5,2,0,0,0
Module 1,NWCC,5,3,0,0,0
Module 1,NWCC,5,4,0,0,0
Module 1,NWCC,5,5,0,0,0
Module 1,ONCC,1,1,1,0,1
Module 1,ONCC,1,2,1,0,1
Module 1,ONCC,1,3,1,0,1
Module 1,ONCC,1,4,1,0,1
Module 1,ONCC,1,5,1,0,1
Module 1,ONCC,2,1,1,0,1
Module 1,ONCC,2,2,1,0,1
Module 1,ONCC,2,3,1,0,1
Module 1,ONCC,2,4,1,0,1
Module 1,ONCC,2,5,1,0,1
Module 1,ONCC,3,1,1,0,1
Module 1,ONCC,3,2,1,0,1
Module 1,ONCC,3,3,1,0,1
Module 1,ONCC,3,4,1,0,1
Module 1,ONCC,3,5,1,0,1
Module 1,ONCC,4,1,1,0,1
Module 1,ONCC,4,2,1,0,1
Module 1,ONCC,4,3,1,0,1
Module 1,ONCC,4,4,1,0,1
Module 1,ONCC,4,5,1,0,1
Module 1,ONCC,5,1,1,0,1
Module 1,ONCC,5,2,1,0,1
Module 1,ONCC,5,3,1,0,1
Module 1,ONCC,5,4,1,0,1
Module 1,ONCC,5,5,1,0,1
Module 1,OSCC,1,1,0,0,0
Module 1,OSCC,1,2,0,0,0
Module 1,OSCC,1,3,0,0,0
Module 1,OSCC,1,4,0,0,0
Module 1,OSCC,1,5,0,0,0
Module 1,OSCC,2,1,0,0,0
Module 1,OSCC,2,2,0,0,0
Module 1,OSCC,2,3,0,0,0
Module 1,OSCC,2,4,0,0,0
Module 1,OSCC,2,5,0,0,0
Module 1,OSCC,3,1,0,0,0
Module 1,OSCC,3,2,0,0,0
Module 1,OSCC,3,3,0,0,0
Module 1,OSCC,3,4,0,0,0
Module 1,OSCC,3,5,0,0,0
Module 1,OSCC,4,1,0,0,0
Module 1,OSCC,4,2,0,0,0
Module 1,OSCC,4,3,0,0,0
Module 1,OSCC,4,4,0,0,0
Module 1,OSCC,4,5,0,0,0
Module 1,OSCC,5,1,0,0,0
Module 1,OSCC,5,2,0,0,0
Module 1,OSCC,5,3,0,0,0
Module 1,OSCC,5,4,0,0,0
Module 1,OSCC,5,5,0,0,0
Module 1,NRCC,1,1,2,0,2
Module 1,NRCC,1,2,2,0,2
Module 1,NRCC,1,3,2,0,2
Module 1,NRCC,1,4,2,0,2
Module 1,NRCC,1,5,2,0,2
Module 1,NRCC,2,1,2,0,2
Module 1,NRCC,2,2,2,0,2
Module 1,NRCC,2,3,2,0,2
Module 1,NRCC,2,4,2,0,2
Module 1,NRCC,2,5,2,0,2
Module 1,NRCC,3,1,2,0,2
Module 1,NRCC,3,2,2,0,2
Module 1,NRCC,3,3,2,0,2
Module 1,NRCC,3,4,2,0,2
Module 1,NRCC,3,5,2,0,2
Module 1,NRCC,4,1,2,0,2
Module 1,NRCC,4,2,2,0,2
Module 1,NRCC,4,3,2,0,2
Module 1,NRCC,4,4,2,0,2
Module 1,NRCC,4,5,2,0,2
Module 1,NRCC,5,1,2,0,2
Module 1,NRCC,5,2,2,0,2
Module 1,NRCC,5,3,2,0,2
Module 1,NRCC,5,4,2,0,2
Module 1,NRCC,5,5,2,0,2
Module 1,GBCC,1,1,3,0,3
Module 1,GBCC,1,2,3,0,3
Module 1,GBCC,1,3,1,2,3
Module 1,GBCC,1,4,3,0,3
Module 1,GBCC,1,5,3,0,3
Module 1,GBCC,2,1,3,0,3
Module 1,GBCC,2,2,3,0,3
Module 1,GBCC,2,3,1,2,3
Module 1,GBCC,2,4,3,0,3
Module 1,GBCC,2,5,3,0,3
Module 1,GBCC,3,1,3,0,3
Module 1,GBCC,3,2,3,0,3
Module 1,GBCC,3,3,1,2,3
Module 1,GBCC,3,4,3,0,3
Module 1,GBCC,3,5,3,0,3
Module 1,GBCC,4,1,3,0,3
Module 1,GBCC,4,2,3,0,3
Module 1,GBCC,4,3,3,0,3
Module 1,GBCC,4,4,3,0,3
Module 1,GBCC,4,5,3,0,3
Module 1,GBCC,5,1,3,0,3
Module 1,GBCC,5,2,3,0,3
Module 1,GBCC,5,3,3,0,3
Module 1,GBCC,5,4,3,0,3
Module 1,GBCC,5,5,3,0,3
Module 1,SWCC,1,1,0,0,0
Module 1,SWCC,1,2,0,0,0
Module 1,SWCC,1,3,0,0,0
Module 1,SWCC,1,4,0,0,0
Module 1,SWCC,1,5,0,0,0
Module 1,SWCC,2,1,0,0,0
Module 1,SWCC,2,2,0,0,0
Module 1,SWCC,2,3,0,0,0
Module 1,SWCC,2,4,0,0,0
Module 1,SWCC,2,5,0,0,0
Module 1,SWCC,3,1,0,0,0
Module 1,SWCC,3,2,0,0,0
Module 1,SWCC,3,3,0,0,0
Module 1,SWCC,3,4,0,0,0
Module 1,SWCC,3,5,0,0,0
Module 1,SWCC,4,1,0,0,0
Module 1,SWCC,4,2,0,0,0
Module 1,SWCC,4,3,0,0,0
Module 1,SWCC,4,4,0,0,0
Module 1,SWCC,4,5,0,0,0
Module 1,SWCC,5,1,0,0,0
Module 1,SWCC,5,2,0,0,0
Module 1,SWCC,5,3,0,0,0
Module 1,SWCC,5,4,0,0,0
Module 1,SWCC,5,5,0,0,0
Module 1,RMCC,1,1,2,0,2
Module 1,RMCC,1,2,2,0,2
Module 1,RMCC,1,3,2,0,2
Module 1,RMCC,1,4,2,0,2
Module 1,RMCC,1,5,2,0,2
Module 1,RMCC,2,1,2,0,2
Module 1,RMCC,2,2,2,0,2
Module 1,RMCC,2,3,1,1,2
Module 1,RMCC,2,4,2,0,2
Module 1,RMCC,2,5,2,0,2
Module 1,RMCC,3,1,2,0,2
Module 1,RMCC,3,2,2,0,2
Module 1,RMCC,3,3,2,0,2
Module 1,RMCC,3,4,2,0,2
Module 1,RMCC,3,5,2,0,2
Module 1,RMCC,4,1,2,0,2
Module 1,RMCC,4,2,2,0,2
Module 1,RMCC,4,3,2,0,2
Module 1,RMCC,4,4,2,0,2
Module 1,RMCC,4,5,2,0,2
Module 1,RMCC,5,1,2,0,2
Module 1,RMCC,5,2,2,0,2
Module 1,RMCC,5,3,2,0,2
Module 1,RMCC,5,4,2,0,2
Module 1,RMCC,5,5,2,0,2
Module 1,EACC,1,1,1,0,1
Module 1,EACC,1,2,1,0,1
Module 1,EACC,1,3,1,0,1
Module 1,EACC,1,4,0,1,1
Module 1,EACC,1,5,0,1,1
Module 1,EACC,2,1,1,0,1
Module 1,EACC,2,2,1,0,1
Module 1,EACC,2,3,1,0,1
Module 1,EACC,2,4,1,0,1
Module 1,EACC,2,5,1,0,1
Module 1,EACC,3,1,1,0,1
Module 1,EACC,3,2,1,0,1
Module 1,EACC,3,3,1,0,1
Module 1,EACC,3,4,1,0,1
Module 1,EACC,3,5,1,0,1
Module 1,EACC,4,1,1,0,1
Module 1,EACC,4,2,1,0,1
Module 1,EACC,4,3,1,0,1
Module 1,EACC,4,4,1,0,1
Module 1,EACC,4,5,1,0,1
Module 1,EACC,5,1,1,0,1
Module 1,EACC,5,2,1,0,1
Module 1,EACC,5,3,1,0,1
Module 1,EACC,5,4,1,0,1
Module 1,EACC,5,5,1,0,1
Module 1,SACC,1,1,0,0,0
Module 1,SACC,1,2,0,0,0
Module 1,SACC,1,3,0,0,0
Module 1,SACC,1,4,0,0,0
Module 1,SACC,1,5,0,0,0
Module 1,SACC,2,1,0,0,0
Module 1,SACC,2,2,0,0,0
Module 1,SACC,2,3,0,0,0
Module 1,SACC,2,4,0,0,0
Module 1,SACC,2,5,0,0,0
Module 1,SACC,3,1,0,0,0
Module 1,SACC,3,2,0,0,0
Module 1,SACC,3,3,0,0,0
Module 1,SACC,3,4,0,0,0
Module 1,SACC,3,5,0,0,0
Module 1,SACC,4,1,0,0,0
Module 1,SACC,4,2,0,0,0
Module 1,SACC,4,3,0,0,0
Module 1,SACC,4,4,0,0,0
Module 1,SACC,4,5,0,0,0
Module 1,SACC,5,1,0,0,0
Module 1,SACC,5,2,0,0,0
Module 1,SACC,5,3,0,0,0
Module 1,SACC,5,4,0,0,0
Module 1,SACC,5,5,0,0,0
Module 2,AICC,1,1,0,0,0
Module 2,AICC,1,2,0,0,0
Module 2,AICC,1,3,0,0,0
Module 2,AICC,1,4,0,0,0
Module 2,AICC,1,5,0,0,0
Module 2,AICC,2,1,0,0,0
Module 2,AICC,2,2,0,0,0
Module 2,AICC,2,3,0,0,0
Module 2,AICC,2,4,0,0,0
Module 2,AICC,2,5,0,0,0
Module 2,AICC,3,1,0,0,0
Module 2,AICC,3,2,0,0,0
Module 2,AICC,3,3,0,0,0
Module 2,AICC,3,4,0,0,0
Module 2,AICC,3,5,0,0,0
Module 2,AICC,4,1,0,0,0
Module 2,AICC,4,2,0,0,0
Module 2,AICC,4,3,0,0,0
Module 2,AICC,4,4,0,0,0
Module 2,AICC,4,5,0,0,0
Module 2,AICC,5,1,0,0,0
Module 2,AICC,5,2,0,0,0
Module 2,AICC,5,3,0,0,0
Module 2,AICC,5,4,0,0,0
Module 2,AICC,5,5,0,0,0
Module 2,NWCC,1,1,5,0,5
Module 2,NWCC,1,2,5,0,5
Module 2,NWCC,1,3,4,1,5
Module 2,NWCC,1,4,5,0,5
Module 2,NWCC,1,5,5,0,5
Module 2,NWCC,2,1,5,0,5
Module 2,NWCC,2,2,4,1,5
Module 2,NWCC,2,3,2,3,5
Module 2,NWCC,2,4,3,2,5
Module 2,NWCC,2,5,5,0,5
Module 2,NWCC,3,1,5,0,5
Module 2,NWCC,3,2,5,0,5
Module 2,NWCC,3,3,5,0,5
Module 2,NWCC,3,4,5,0,5
Module 2,NWCC,3,5,5,0,5
Module 2,NWCC,4,1,5,0,5
Module 2,NWCC,4,2,5,0,5
Module 2,NWCC,4,3,5,0,5
Module 2,NWCC,4,4,5,0,5
Module 2,NWCC,4,5,5,0,5
Module 2,NWCC,5,1,5,0,5
Module 2,NWCC,5,2,5,0,5
Module 2,NWCC,5,3,5,0,5
Module 2,NWCC,5,4,5,0,5
Module 2,NWCC,5,5,5,0,5
Module 2,ONCC,1,1,4,0,4
Module 2,ONCC,1,2,4,0,4
Module 2,ONCC,1,3,4,0,4
Module 2,ONCC,1,4,4,0,4
Module 2,ONCC,1,5,4,0,4
Module 2,ONCC,2,1,4,0,4
Module 2,ONCC,2,2,4,0,4
Module 2,ONCC,2,3,3,1,4
Module 2,ONCC,2,4,4,0,4
Module 2,ONCC,2,5,4,0,4
Module 2,ONCC,3,1,4,0,4
Module 2,ONCC,3,2,3,1,4
Module 2,ONCC,3,3,3,1,4
Module 2,ONCC,3,4,4,0,4
Module 2,ONCC,3,5,4,0,4
Module 2,ONCC,4,1,4,0,4
Module 2,ONCC,4,2,4,0,4
Module 2,ONCC,4,3,3,1,4
Module 2,ONCC,4,4,4,0,4
Module 2,ONCC,4,5,4,0,4
Module 2,ONCC,5,1,4,0,4
Module 2,ONCC,5,2,4,0,4
Module 2,ONCC,5,3,4,0,4
Module 2,ONCC,5,4,4,0,4
Module 2,ONCC,5,5,4,0,4
Module 2,OSCC,1,1,8,0,8
Module 2,OSCC,1,2,8,0,8
Module 2,OSCC,1,3,8,0,8
Module 2,OSCC,1,4,8,0,8
Module 2,OSCC,1,5,8,0,8
Module 2,OSCC,2,1,8,0,8
Module 2,OSCC,2,2,8,0,8
Module 2,OSCC,2,3,8,0,8
Module 2,OSCC,2,4,8,0,8
Module 2,OSCC,2,5,8,0,8
Module 2,OSCC,3,1,8,0,8
Module 2,OSCC,3,2,8,0,8
Module 2,OSCC,3,3,5,3,8
Module 2,OSCC,3,4,7,1,8
Module 2,OSCC,3,5,8,0,8
Module 2,OSCC,4,1,8,0,8
Module 2,OSCC,4,2,8,0,8
Module 2,OSCC,4,3,8,0,8
Module 2,OSCC,4,4,8,0,8
Module 2,OSCC,4,5,7,1,8
Module 2,OSCC,5,1,8,0,8
Module 2,OSCC,5,2,8,0,8
Module 2,OSCC,5,3,8,0,8
Module 2,OSCC,5,4,8,0,8
Module 2,OSCC,5,5,8,0,8
Module 2,NRCC,1,1,3,0,3
Module 2,NRCC,1,2,3,0,3
Module 2,NRCC,1,3,3,0,3
Module 2,NRCC,1,4,3,0,3
Module 2,NRCC,1,5,3,0,3
Module 2,NRCC,2,1,3,0,3
Module 2,NRCC,2,2,3,0,3
Module 2,NRCC,2,3,3,0,3
Module 2,NRCC,2,4,3,0,3
Module 2,NRCC,2,5,3,0,3
Module 2,NRCC,3,1,3,0,3
Module 2,NRCC,3,2,3,0,3
Module 2,NRCC,3,3,3,0,3
Module 2,NRCC,3,4,3,0,3
Module 2,NRCC,3,5,3,0,3
Module 2,NRCC,4,1,3,0,3
Module 2,NRCC,4,2,3,0,3
Module 2,NRCC,4,3,3,0,3
Module 2,NRCC,4,4,3,0,3
Module 2,NRCC,4,5,3,0,3
Module 2,NRCC,5,1,3,0,3
Module 2,NRCC,5,2,3,0,3
Module 2,NRCC,5,3,3,0,3
Module 2,NRCC,5,4,3,0,3
Module 2,NRCC,5,5,3,0,3
Module 2,GBCC,1,1,6,0,6
Module 2,GBCC,1,2,6,0,6
Module 2,GBCC,1,3,5,1,6
Module 2,GBCC,1,4,6,0,6
Module 2,GBCC,1,5,6,0,6
Module 2,GBCC,2,1,6,0,6
Module 2,GBCC,2,2,6,0,6
Module 2,GBCC,2,3,4,2,6
Module 2,GBCC,2,4,5,1,6
Module 2,GBCC,2,5,6,0,6
Module 2,GBCC,3,1,6,0,6
Module 2,GBCC,3,2,6,0,6
Module 2,GBCC,3,3,5,1,6
Module 2,GBCC,3,4,5,1,6
Module 2,GBCC,3,5,6,0,6
Module 2,GBCC,4,1,6,0,6
Module 2,GBCC,4,2,6,0,6
Module 2,GBCC,4,3,6,0,6
Module 2,GBCC,4,4,6,0,6
Module 2,GBCC,4,5,6,0,6
Module 2,GBCC,5,1,6,0,6
Module 2,GBCC,5,2,6,0,6
Module 2,GBCC,5,3,6,0,6
Module 2,GBCC,5,4,6,0,6
Module 2,GBCC,5,5,6,0,6
Module 2,SWCC,1,1,1,0,1
Module 2,SWCC,1,2,1,0,1
Module 2,SWCC,1,3,1,0,1
Module 2,SWCC,1,4,1,0,1
Module 2,SWCC,1,5,1,0,1
Module 2,SWCC,2,1,1,0,1
Module 2,SWCC,2,2,1,0,1
Module 2,SWCC,2,3,1,0,1
Module 2,SWCC,2,4,1,0,1
Module 2,SWCC,2,5,1,0,1
Module 2,SWCC,3,1,1,0,1
Module 2,SWCC,3,2,1,0,1
Module 2,SWCC,3,3,1,0,1
Module 2,SWCC,3,4,1,0,1
Module 2,SWCC,3,5,1,0,1
Module 2,SWCC,4,1,1,0,1
Module 2,SWCC,4,2,1,0,1
Module 2,SWCC,4,3,1,0,1
Module 2,SWCC,4,4,1,0,1
Module 2,SWCC,4,5,1,0,1
Module 2,SWCC,5,1,1,0,1
Module 2,SWCC,5,2,1,0,1
Module 2,SWCC,5,3,1,0,1
Module 2,SWCC,5,4,1,0,1
Module 2,SWCC,5,5,1,0,1
Module 2,RMCC,1,1,3,0,3
Module 2,RMCC,1,2,3,0,3
Module 2,RMCC,1,3,3,0,3
Module 2,RMCC,1,4,3,0,3
Module 2,RMCC,1,5,3,0,3
Module 2,RMCC,2,1,3,0,3
Module 2,RMCC,2,2,3,0,3
Module 2,RMCC,2,3,3,0,3
Module 2,RMCC,2,4,3,0,3
Module 2,RMCC,2,5,3,0,3
Module 2,RMCC,3,1,3,0,3
Module 2,RMCC,3,2,3,0,3
Module 2,RMCC,3,3,3,0,3
Module 2,RMCC,3,4,3,0,3
Module 2,RMCC,3,5,3,0,3
Module 2,RMCC,4,1,3,0,3
Module 2,RMCC,4,2,3,0,3
Module 2,RMCC,4,3,3,0,3
Module 2,RMCC,4,4,3,0,3
Module 2,RMCC,4,5,3,0,3
Module 2,RMCC,5,1,3,0,3
Module 2,RMCC,5,2,3,0,3
Module 2,RMCC,5,3,3,0,3
Module 2,RMCC,5,4,3,0,3
Module 2,RMCC,5,5,3,0,3
Module 2,EACC,1,1,0,0,0
Module 2,EACC,1,2,0,0,0
Module 2,EACC,1,3,0,0,0
Module 2,EACC,1,4,0,0,0
Module 2,EACC,1,5,0,0,0
Module 2,EACC,2,1,0,0,0
Module 2,EACC,2,2,0,0,0
Module 2,EACC,2,3,0,0,0
Module 2,EACC,2,4,0,0,0
Module 2,EACC,2,5,0,0,0
Module 2,EACC,3,1,0,0,0
Module 2,EACC,3,2,0,0,0
Module 2,EACC,3,3,0,0,0
Module 2,EACC,3,4,0,0,0
Module 2,EACC,3,5,0,0,0
Module 2,EACC,4,1,0,0,0
Module 2,EACC,4,2,0,0,0
Module 2,EACC,4,3,0,0,0
Module 2,EACC,4,4,0,0,0
Module 2,EACC,4,5,0,0,0
Module 2,EACC,5,1,0,0,0
Module 2,EACC,5,2,0,0,0
Module 2,EACC,5,3,0,0,0
Module 2,EACC,5,4,0,0,0
Module 2,EACC,5,5,0,0,0
Module 2,SACC,1,1,0,0,0
Module 2,SACC,1,2,0,0,0
Module 2,SACC,1,3,0,0,0
Module 2,SACC,1,4,0,0,0
Module 2,SACC,1,5,0,0,0
Module 2,SACC,2,1,0,0,0
Module 2,SACC,2,2,0,0,0
Module 2,SACC,2,3,0,0,0
Module 2,SACC,2,4,0,0,0
Module 2,SACC,2,5,0,0,0
Module 2,SACC,3,1,0,0,0
Module 2,SACC,3,2,0,0,0
Module 2,SACC,3,3,0,0,0
Module 2,SACC,3,4,0,0,0
Module 2,SACC,3,5,0,0,0
Module 2,SACC,4,1,0,0,0
Module 2,SACC,4,2,0,0,0
Module 2,SACC,4,3,0,0,0
Module 2,SACC,4,4,0,0,0
Module 2,SACC,4,5,0,0,0
Module 2,SACC,5,1,0,0,0
Module 2,SACC,5,2,0,0,0
Module 2,SACC,5,3,0,0,0
Module 2,SACC,5,4,0,0,0
Module 2,SACC,5,5,0,0,0
Water 1,AICC,1,1,0,0,0
Water 1,AICC,1,2,0,0,0
Water 1,AICC,1,3,0,0,0
Water 1,AICC,1,4,0,0,0
Water 1,AICC,1,5,0,0,0
Water 1,AICC,2,1,0,0,0
Water 1,AICC,2,2,0,0,0
Water 1,AICC,2,3,0,0,0
Water 1,AICC,2,4,0,0,0
Water 1,AICC,2,5,0,0,0
Water 1,AICC,3,1,0,0,0
Water 1,AICC,3,2,0,0,0
Water 1,AICC,3,3,0,0,0
Water 1,AICC,3,4,0,0,0
Water 1,AICC,3,5,0,0,0
Water 1,AICC,4,1,0,0,0
Water 1,AICC,4,2,0,0,0
Water 1,AICC,4,3,0,0,0
Water 1,AICC,4,4,0,0,0
Water 1,AICC,4,5,0,0,0
Water 1,AICC,5,1,0,0,0
Water 1,AICC,5,2,0,0,0
Water 1,AICC,5,3,0,0,0
Water 1,AICC,5,4,0,0,0
Water 1,AICC,5,5,0,0,0
Water 1,NWCC,1,1,1,0,1
Water 1,NWCC,1,2,1,0,1
Water 1,NWCC,1,3,1,0,1
Water 1,NWCC,1,4,1,0,1
Water 1,NWCC,1,5,1,0,1
Water 1,NWCC,2,1,1,0,1
Water 1,NWCC,2,2,1,0,1
Water 1,NWCC,2,3,1,0,1
Water 1,NWCC,2,4,1,0,1
Water 1,NWCC,2,5,1,0,1
Water 1,NWCC,3,1,1,0,1
Water 1,NWCC,3,2,1,0,1
Water 1,NWCC,3,3,1,0,1
Water 1,NWCC,3,4,1,0,1
Water 1,NWCC,3,5,1,0,1
Water 1,NWCC,4,1,1,0,1
Water 1,NWCC,4,2,1,0,1
Water 1,NWCC,4,3,1,0,1
Water 1,NWCC,4,4,1,0,1
Water 1,NWCC,4,5,1,0,1
Water 1,NWCC,5,1,1,0,1
Water 1,NWCC,5,2,1,0,1
Water 1,NWCC,5,3,1,0,1
Water 1,NWCC,5,4,1,0,1
Water 1,NWCC,5,5,1,0,1
Water 1,ONCC,1,1,2,0,2
Water 1,ONCC,1,2,2,0,2
Water 1,ONCC,1,3,2,0,2
Water 1,ONCC,1,4,2,0,2
Water 1,ONCC,1,5,2,0,2
Water 1,ONCC,2,1,2,0,2
Water 1,ONCC,2,2,2,0,2
Water 1,ONCC,2,3,2,0,2
Water 1,ONCC,2,4,2,0,2
Water 1,ONCC,2,5,2,0,2
Water 1,ONCC,3,1,2,0,2
Water 1,ONCC,3,2,2,0,2
Water 1,ONCC,3,3,2,0,2
Water 1,ONCC,3,4,2,0,2
Water 1,ONCC,3,5,2,0,2
Water 1,ONCC,4,1,2,0,2
Water 1,ONCC,4,2,2,0,2
Water 1,ONCC,4,3,2,0,2
Water 1,ONCC,4,4,2,0,2
Water 1,ONCC,4,5,2,0,2
Water 1,ONCC,5,1,2,0,2
Water 1,ONCC,5,2,2,0,2
Water 1,ONCC,5,3,2,0,2
Water 1,ONCC,5,4,2,0,2
Water 1,ONCC,5,5,2,0,2
Water 1,OSCC,1,1,0,0,0
Water 1,OSCC,1,2,0,0,0
Water 1,OSCC,1,3,0,0,0
Water 1,OSCC,1,4,0,0,0
Water 1,OSCC,1,5,0,0,0
Water 1,OSCC,2,1,0,0,0
Water 1,OSCC,2,2,0,0,0
Water 1,OSCC,2,3,0,0,0
Water 1,OSCC,2,4,0,0,0
Water 1,OSCC,2,5,0,0,0
Water 1,OSCC,3,1,0,0,0
Water 1,OSCC,3,2,0,0,0
Water 1,OSCC,3,3,0,0,0
Water 1,OSCC,3,4,0,0,0
Water 1,OSCC,3,5,0,0,0
Water 1,OSCC,4,1,0,0,0
Water 1,OSCC,4,2,0,0,0
Water 1,OSCC,4,3,0,0,0
Water 1,OSCC,4,4,0,0,0
Water 1,OSCC,4,5,0,0,0
Water 1,OSCC,5,1,0,0,0
Water 1,OSCC,5,2,0,0,0
Water 1,OSCC,5,3,0,0,0
Water 1,OSCC,5,4,0,0,0
Water 1,OSCC,5,5,0,0,0
Water 1,NRCC,1,1,0,0,0
Water 1,NRCC,1,2,0,0,0
Water 1,NRCC,1,3,0,0,0
Water 1,NRCC,1,4,0,0,0
Water 1,NRCC,1,5,0,0,0
Water 1,NRCC,2,1,0,0,0
Water 1,NRCC,2,2,0,0,0
Water 1,NRCC,2,3,0,0,0
Water 1,NRCC,2,4,0,0,0
Water 1,NRCC,2,5,0,0,0
Water 1,NRCC,3,1,0,0,0
Water 1,NRCC,3,2,0,0,0
Water 1,NRCC,3,3,0,0,0
Water 1,NRCC,3,4,0,0,0
Water 1,NRCC,3,5,0,0,0
Water 1,NRCC,4,1,0,0,0
Water 1,NRCC,4,2,0,0,0
Water 1,NRCC,4,3,0,0,0
Water 1,NRCC,4,4,0,0,0
Water 1,NRCC,4,5,0,0,0
Water 1,NRCC,5,1,0,0,0
Water 1,NRCC,5,2,0,0,0
Water 1,NRCC,5,3,0,0,0
Water 1,NRCC,5,4,0,0,0
Water 1,NRCC,5,5,0,0,0
Water 1,GBCC,1,1,0,0,0
Water 1,GBCC,1,2,0,0,0
Water 1,GBCC,1,3,0,0,0
Water 1,GBCC,1,4,0,0,0
Water 1,GBCC,1,5,0,0,0
Water 1,GBCC,2,1,0,0,0
Water 1,GBCC,2,2,0,0,0
Water 1,GBCC,2,3,0,0,0
Water 1,GBCC,2,4,0,0,0
Water 1,GBCC,2,5,0,0,0
Water 1,GBCC,3,1,0,0,0
Water 1,GBCC,3,2,0,0,0
Water 1,GBCC,3,3,0,0,0
Water 1,GBCC,3,4,0,0,0
Water 1,GBCC,3,5,0,0,0
Water 1,GBCC,4,1,0,0,0
Water 1,GBCC,4,2,0,0,0
Water 1,GBCC,4,3,0,0,0
Water 1,GBCC,4,4,0,0,0
Water 1,GBCC,4,5,0,0,0
Water 1,GBCC,5,1,0,0,0
Water 1,GBCC,5,2,0,0,0
Water 1,GBCC,5,3,0,0,0
Water 1,GBCC,5,4,0,0,0
Water 1,GBCC,5,5,0,0,0
Water 1,SWCC,1,1,1,0,1
Water 1,SWCC,1,2,1,0,1
Water 1,SWCC,1,3,1,0,1
Water 1,SWCC,1,4,1,0,1
Water 1,SWCC,1,5,1,0,1
Water 1,SWCC,2,1,1,0,1
Water 1,SWCC,2,2,1,0,1
Water 1,SWCC,2,3,1,0,1
Water 1,SWCC,2,4,1,0,1
Water 1,SWCC,2,5,1,0,1
Water 1,SWCC,3,1,1,0,1
Water 1,SWCC,3,2,1,0,1
Water 1,SWCC,3,3,1,0,1
Water 1,SWCC,3,4,1,0,1
Water 1,SWCC,3,5,1,0,1
Water 1,SWCC,4,1,1,0,1
Water 1,SWCC,4,2,1,0,1
Water 1,SWCC,4,3,1,0,1
Water 1,SWCC,4,4,1,0,1
Water 1,SWCC,4,5,1,0,1
Water 1,SWCC,5,1,1,0,1
Water 1,SWCC,5,2,1,0,1
Water 1,SWCC,5,3,1,0,1
Water 1,SWCC,5,4,1,0,1
Water 1,SWCC,5,5,1,0,1
Water 1,RMCC,1,1,0,0,0
Water 1,RMCC,1,2,0,0,0
Water 1,RMCC,1,3,0,0,0
Water 1,RMCC,1,4,0,0,0
Water 1,RMCC,1,5,0,0,0
Water 1,RMCC,2,1,0,0,0
Water 1,RMCC,2,2,0,0,0
Water 1,RMCC,2,3,0,0,0
Water 1,RMCC,2,4,0,0,0
Water 1,RMCC,2,5,0,0,0
Water 1,RMCC,3,1,0,0,0
Water 1,RMCC,3,2,0,0,0
Water 1,RMCC,3,3,0,0,0
Water 1,RMCC,3,4,0,0,0
Water 1,RMCC,3,5,0,0,0
Water 1,RMCC,4,1,0,0,0
Water 1,RMCC,4,2,0,0,0
Water 1,RMCC,4,3,0,0,0
Water 1,RMCC,4,4,0,0,0
Water 1,RMCC,4,5,0,0,0
Water 1,RMCC,5,1,0,0,0
Water 1,RMCC,5,2,0,0,0
Water 1,RMCC,5,3,0,0,0
Water 1,RMCC,5,4,0,0,0
Water 1,RMCC,5,5,0,0,0
Water 1,EACC,1,1,4,0,4
Water 1,EACC,1,2,4,0,4
Water 1,EACC,1,3,4,0,4
Water 1,EACC,1,4,4,0,4
Water 1,EACC,1,5,4,0,4
Water 1,EACC,2,1,4,0,4
Water 1,EACC,2,2,4,0,4
Water 1,EACC,2,3,4,0,4
Water 1,EACC,2,4,4,0,4
Water 1,EACC,2,5,4,0,4
Water 1,EACC,3,1,4,0,4
Water 1,EACC,3,2,4,0,4
Water 1,EACC,3,3,4,0,4
Water 1,EACC,3,4,4,0,4
Water 1,EACC,3,5,4,0,4
Water 1,EACC,4,1,4,0,4
Water 1,EACC,4,2,4,0,4
Water 1,EACC,4,3,4,0,4
Water 1,EACC,4,4,4,0,4
Water 1,EACC,4,5,4,0,4
Water 1,EACC,5,1,4,0,4
Water 1,EACC,5,2,4,0,4
Water 1,EACC,5,3,4,0,4
Water 1,EACC,5,4,4,0,4
Water 1,EACC,5,5,4,0,4
Water 1,SACC,1,1,0,0,0
Water 1,SACC,1,2,0,0,0
Water 1,SACC,1,3,0,0,0
Water 1,SACC,1,4,0,0,0
Water 1,SACC,1,5,0,0,0
Water 1,SACC,2,1,0,0,0
Water 1,SACC,2,2,0,0,0
Water 1,SACC,2,3,0,0,0
Water 1,SACC,2,4,0,0,0
Water 1,SACC,2,5,0,0,0
Water 1,SACC,3,1,0,0,0
Water 1,SACC,3,2,0,0,0
Water 1,SACC,3,3,0,0,0
Water 1,SACC,3,4,0,0,0
Water 1,SACC,3,5,0,0,0
Water 1,SACC,4,1,0,0,0
Water 1,SACC,4,2,0,0,0
Water 1,SACC,4,3,0,0,0
Water 1,SACC,4,4,0,0,0
Water 1,SACC,4,5,0,0,0
Water 1,SACC,5,1,0,0,0
Water 1,SACC,5,2,0,0,0
Water 1,SACC,5,3,0,0,0
Water 1,SACC,5,4,0,0,0
Water 1,SACC,5,5,0,0,0
Water 2,AICC,1,1,0,0,0
Water 2,AICC,1,2,0,0,0
Water 2,AICC,1,3,0,0,0
Water 2,AICC,1,4,0,0,0
Water 2,AICC,1,5,0,0,0
Water 2,AICC,2,1,0,0,0
Water 2,AICC,2,2,0,0,0
Water 2,AICC,2,3,0,0,0
Water 2,AICC,2,4,0,0,0
Water 2,AICC,2,5,0,0,0
Water 2,AICC,3,1,0,0,0
Water 2,AICC,3,2,0,0,0
Water 2,AICC,3,3,0,0,0
Water 2,AICC,3,4,0,0,0
Water 2,AICC,3,5,0,0,0
Water 2,AICC,4,1,0,0,0
Water 2,AICC,4,2,0,0,0
Water 2,AICC,4,3,0,0,0
Water 2,AICC,4,4,0,0,0
Water 2,AICC,4,5,0,0,0
Water 2,AICC,5,1,0,0,0
Water 2,AICC,5,2,0,0,0
Water 2,AICC,5,3,0,0,0
Water 2,AICC,5,4,0,0,0
Water 2,AICC,5,5,0,0,0
Water 2,NWCC,1,1,0,0,0
Water 2,NWCC,1,2,0,0,0
Water 2,NWCC,1,3,0,0,0
Water 2,NWCC,1,4,0,0,0
Water 2,NWCC,1,5,0,0,0
Water 2,NWCC,2,1,0,0,0
Water 2,NWCC,2,2,0,0,0
Water 2,NWCC,2,3,0,0,0
Water 2,NWCC,2,4,0,0,0
Water 2,NWCC,2,5,0,0,0
Water 2,NWCC,3,1,0,0,0
Water 2,NWCC,3,2,0,0,0
Water 2,NWCC,3,3,0,0,0
Water 2,NWCC,3,4,0,0,0
Water 2,NWCC,3,5,0,0,0
Water 2,NWCC,4,1,0,0,0
Water 2,NWCC,4,2,0,0,0
Water 2,NWCC,4,3,0,0,0
Water 2,NWCC,4,4,0,0,0
Water 2,NWCC,4,5,0,0,0
Water 2,NWCC,5,1,0,0,0
Water 2,NWCC,5,2,0,0,0
Water 2,NWCC,5,3,0,0,0
Water 2,NWCC,5,4,0,0,0
Water 2,NWCC,5,5,0,0,0
Water 2,ONCC,1,1,23,0,23
Water 2,ONCC,1,2,23,0,23
Water 2,ONCC,1,3,23,0,23
Water 2,ONCC,1,4,23,0,23
Water 2,ONCC,1,5,23,0,23
Water 2,ONCC,2,1,23,0,23
Water 2,ONCC,2,2,23,0,23
Water 2,ONCC,2,3,21,2,23
Water 2,ONCC,2,4,23,0,23
Water 2,ONCC,2,5,23,0,23
Water 2,ONCC,3,1,23,0,23
Water 2,ONCC,3,2,23,0,23
Water 2,ONCC,3,3,23,0,23
Water 2,ONCC,3,4,22,1,23
Water 2,ONCC,3,5,23,0,23
Water 2,ONCC,4,1,23,0,23
Water 2,ONCC,4,2,23,0,23
Water 2,ONCC,4,3,23,0,23
Water 2,ONCC,4,4,22,1,23
Water 2,ONCC,4,5,22,1,23
Water 2,ONCC,5,1,23,0,23
Water 2,ONCC,5,2,23,0,23
Water 2,ONCC,5,3,23,0,23
Water 2,ONCC,5,4,23,0,23
Water 2,ONCC,5,5,22,1,23
Water 2,OSCC,1,1,25,0,25
Water 2,OSCC,1,2,25,0,25
Water 2,OSCC,1,3,25,0,25
Water 2,OSCC,1,4,25,0,25
Water 2,OSCC,1,5,25,0,25
Water 2,OSCC,2,1,25,0,25
Water 2,OSCC,2,2,25,0,25
Water 2,OSCC,2,3,23,2,25
Water 2,OSCC,2,4,25,0,25
Water 2,OSCC,2,5,25,0,25
Water 2,OSCC,3,1,25,0,25
Water 2,OSCC,3,2,25,0,25
Water 2,OSCC,3,3,23,2,25
Water 2,OSCC,3,4,23,2,25
Water 2,OSCC,3,5,24,1,25
Water 2,OSCC,4,1,25,0,25
Water 2,OSCC,4,2,25,0,25
Water 2,OSCC,4,3,25,0,25
Water 2,OSCC,4,4,25,0,25
Water 2,OSCC,4,5,24,1,25
Water 2,OSCC,5,1,25,0,25
Water 2,OSCC,5,2,25,0,25
Water 2,OSCC,5,3,25,0,25
Water 2,OSCC,5,4,25,0,25
Water 2,OSCC,5,5,25,0,25
Water 2,NRCC,1,1,4,0,4
Water 2,NRCC,1,2,4,0,4
Water 2,NRCC,1,3,4,0,4
Water 2,NRCC,1,4,4,0,4
Water 2,NRCC,1,5,4,0,4
Water 2,NRCC,2,1,4,0,4
Water 2,NRCC,2,2,4,0,4
Water 2,NRCC,2,3,4,0,4
Water 2,NRCC,2,4,4,0,4
Water 2,NRCC,2,5,4,0,4
Water 2,NRCC,3,1,4,0,4
Water 2,NRCC,3,2,4,0,4
Water 2,NRCC,3,3,4,0,4
Water 2,NRCC,3,4,4,0,4
Water 2,NRCC,3,5,4,0,4
Water 2,NRCC,4,1,4,0,4
Water 2,NRCC,4,2,4,0,4
Water 2,NRCC,4,3,4,0,4
Water 2,NRCC,4,4,4,0,4
Water 2,NRCC,4,5,4,0,4
Water 2,NRCC,5,1,4,0,4
Water 2,NRCC,5,2,4,0,4
Water 2,NRCC,5,3,4,0,4
Water 2,NRCC,5,4,4,0,4
Water 2,NRCC,5,5,4,0,4
Water 2,GBCC,1,1,0,0,0
Water 2,GBCC,1,2,0,0,0
Water 2,GBCC,1,3,0,0,0
Water 2,GBCC,1,4,0,0,0
Water 2,GBCC,1,5,0,0,0
Water 2,GBCC,2,1,0,0,0
Water 2,GBCC,2,2,0,0,0
Water 2,GBCC,2,3,0,0,0
Water 2,GBCC,2,4,0,0,0
Water 2,GBCC,2,5,0,0,0
Water 2,GBCC,3,1,0,0,0
Water 2,GBCC,3,2,0,0,0
Water 2,GBCC,3,3,0,0,0
Water 2,GBCC,3,4,0,0,0
Water 2,GBCC,3,5,0,0,0
Water 2,GBCC,4,1,0,0,0
Water 2,GBCC,4,2,0,0,0
Water 2,GBCC,4,3,0,0,0
Water 2,GBCC,4,4,0,0,0
Water 2,GBCC,4,5,0,0,0
Water 2,GBCC,5,1,0,0,0
Water 2,GBCC,5,2,0,0,0
Water 2,GBCC,5,3,0,0,0
Water 2,GBCC,5,4,0,0,0
Water 2,GBCC,5,5,0,0,0
Water 2,SWCC,1,1,2,0,2
Water 2,SWCC,1,2,2,0,2
Water 2,SWCC,1,3,2,0,2
Water 2,SWCC,1,4,2,0,2
Water 2,SWCC,1,5,2,0,2
Water 2,SWCC,2,1,2,0,2
Water 2,SWCC,2,2,2,0,2
Water 2,SWCC,2,3,2,0,2
Water 2,SWCC,2,4,2,0,2
Water 2,SWCC,2,5,2,0,2
Water 2,SWCC,3,1,2,0,2
Water 2,SWCC,3,2,2,0,2
Water 2,SWCC,3,3,2,0,2
Water 2,SWCC,3,4,2,0,2
Water 2,SWCC,3,5,2,0,2
Water 2,SWCC,4,1,2,0,2
Water 2,SWCC,4,2,2,0,2
Water 2,SWCC,4,3,2,0,2
Water 2,SWCC,4,4,2,0,2
Water 2,SWCC,4,5,2,0,2
Water 2,SWCC,5,1,2,0,2
Water 2,SWCC,5,2,2,0,2
Water 2,SWCC,5,3,2,0,2
Water 2,SWCC,5,4,2,0,2
Water 2,SWCC,5,5,2,0,2
Water 2,RMCC,1,1,0,0,0
Water 2,RMCC,1,2,0,0,0
Water 2,RMCC,1,3,0,0,0
Water 2,RMCC,1,4,0,0,0
Water 2,RMCC,1,5,0,0,0
Water 2,RMCC,2,1,0,0,0
Water 2,RMCC,2,2,0,0,0
Water 2,RMCC,2,3,0,0,0
Water 2,RMCC,2,4,0,0,0
Water 2,RMCC,2,5,0,0,0
Water 2,RMCC,3,1,0,0,0
Water 2,RMCC,3,2,0,0,0
Water 2,RMCC,3,3,0,0,0
Water 2,RMCC,3,4,0,0,0
Water 2,RMCC,3,5,0,0,0
Water 2,RMCC,4,1,0,0,0
Water 2,RMCC,4,2,0,0,0
Water 2,RMCC,4,3,0,0,0
Water 2,RMCC,4,4,0,0,0
Water 2,RMCC,4,5,0,0,0
Water 2,RMCC,5,1,0,0,0
Water 2,RMCC,5,2,0,0,0
Water 2,RMCC,5,3,0,0,0
Water 2,RMCC,5,4,0,0,0
Water 2,RMCC,5,5,0,0,0
Water 2,EACC,1,1,1,0,1
Water 2,EACC,1,2,1,0,1
Water 2,EACC,1,3,1,0,1
Water 2,EACC,1,4,1,0,1
Water 2,EACC,1,5,1,0,1
Water 2,EACC,2,1,1,0,1
Water 2,EACC,2,2,1,0,1
Water 2,EACC,2,3,1,0,1
Water 2,EACC,2,4,1,0,1
Water 2,EACC,2,5,1,0,1
Water 2,EACC,3,1,1,0,1
Water 2,EACC,3,2,1,0,1
Water 2,EACC,3,3,1,0,1
Water 2,EACC,3,4,1,0,1
Water 2,EACC,3,5,1,0,1
Water 2,EACC,4,1,1,0,1
Water 2,EACC,4,2,1,0,1
Water 2,EACC,4,3,1,0,1
Water 2,EACC,4,4,1,0,1
Water 2,EACC,4,5,1,0,1
Water 2,EACC,5,1,1,0,1
Water 2,EACC,5,2,1,0,1
Water 2,EACC,5,3,1,0,1
Water 2,EACC,5,4,1,0,1
Water 2,EACC,5,5,1,0,1
Water 2,SACC,1,1,0,0,0
Water 2,SACC,1,2,0,0,0
Water 2,SACC,1,3,0,0,0
Water 2,SACC,1,4,0,0,0
Water 2,SACC,1,5,0,0,0
Water 2,SACC,2,1,0,0,0
Water 2,SACC,2,2,0,0,0
Water 2,SACC,2,3,0,0,0
Water 2,SACC,2,4,0,0,0
Water 2,SACC,2,5,0,0,0
Water 2,SACC,3,1,0,0,0
Water 2,SACC,3,2,0,0,0
Water 2,SACC,3,3,0,0,0
Water 2,SACC,3,4,0,0,0
Water 2,SACC,3,5,0,0,0
Water 2,SACC,4,1,0,0,0
Water 2,SACC,4,2,0,0,0
Water 2,SACC,4,3,0,0,0
Water 2,SACC,4,4,0,0,0
Water 2,SACC,4,5,0,0,0
Water 2,SACC,5,1,0,0,0
Water 2,SACC,5,2,0,0,0
Water 2,SACC,5,3,0,0,0
Water 2,SACC,5,4,0,0,0
Water 2,SACC,5,5,0,0,0
